case,vol_pct,d33_ratio,fom_ratio
"A: fixed X$_c$ = 0.50, nominal law",0.01,1.0022292158169575,1.0044928005395333
"A: fixed X$_c$ = 0.50, nominal law",0.010233717986325202,1.0022812182323044,1.0045977301789406
"A: fixed X$_c$ = 0.50, nominal law",0.010472898382363585,1.0023344313913969,1.0047051086463683
"A: fixed X$_c$ = 0.50, nominal law",0.010717668854455034,1.002388883372173,1.0048149930059163
"A: fixed X$_c$ = 0.50, nominal law",0.01096816005273138,1.00244460289846,1.0049274416473084
"A: fixed X$_c$ = 0.50, nominal law",0.011224505680853071,1.0025016193545822,1.0050425143164903
"A: fixed X$_c$ = 0.50, nominal law",0.011486842567375536,1.0025599628002893,1.005160272146924
"A: fixed X$_c$ = 0.50, nominal law",0.011755310738783699,1.002619663986006,1.0052807776915902
"A: fixed X$_c$ = 0.50, nominal law",0.012030053494233242,1.0026807543684182,1.0054040949557235
"A: fixed X$_c$ = 0.50, nominal law",0.012311217482038908,1.0027432661263918,1.00553028943029
"A: fixed X$_c$ = 0.50, nominal law",0.01259895277795027,1.00280723217724,1.0056594281262232
"A: fixed X$_c$ = 0.50, nominal law",0.012893412965257157,1.002872686193341,1.0057915796094383
"A: fixed X$_c$ = 0.50, nominal law",0.01319475521676706,1.0029396626191116,1.0059268140366375
"A: fixed X$_c$ = 0.50, nominal law",0.013503140378698736,1.0030081966883506,1.0060652031919333
"A: fixed X$_c$ = 0.50, nominal law",0.01381873305653632,1.0030783244419499,1.0062068205242902
"A: fixed X$_c$ = 0.50, nominal law",0.014141701702890239,1.003150082745988,1.0063517411858258
"A: fixed X$_c$ = 0.50, nominal law",0.014472218707411343,1.0032235093102098,1.0065000420709636
"A: fixed X$_c$ = 0.50, nominal law",0.014810460488806753,1.003298642706898,1.006651801856481
"A: fixed X$_c$ = 0.50, nominal law",0.015156607589006027,1.00337552239015,1.0068071010424564
"A: fixed X$_c$ = 0.50, nominal law",0.015510844769528406,1.0034541887155601,1.006966021994136
"A: fixed X$_c$ = 0.50, nominal law",0.015873361110102086,1.0035346829603218,1.0071286489847506
"A: fixed X$_c$ = 0.50, nominal law",0.01624435010958867,1.0036170473437505,1.0072950682392863
"A: fixed X$_c$ = 0.50, nominal law",0.01662400978926612,1.0037013250482423,1.0074653679792478
"A: fixed X$_c$ = 0.50, nominal law",0.01701254279852589,1.0037875602406703,1.0076396384684196
"A: fixed X$_c$ = 0.50, nominal law",0.017410156523040152,1.0038757980942297,1.0078179720596572
"A: fixed X$_c$ = 0.50, nominal law",0.017817063195457308,1.0039660848107388,1.0080004632427222
"A: fixed X$_c$ = 0.50, nominal law",0.018233480008684404,1.0040584676434057,1.008187208693197
"A: fixed X$_c$ = 0.50, nominal law",0.01865962923181746,1.0041529949200636,1.008378307322477
"A: fixed X$_c$ = 0.50, nominal law",0.01909573832878097,1.0042497160668917,1.0085738603288967
"A: fixed X$_c$ = 0.50, nominal law",0.019542040079740534,1.0043486816326201,1.0087739712499788
"A: fixed X$_c$ = 0.50, nominal law",0.01999877270535287,1.0044499433132372,1.0089787460158612
"A: fixed X$_c$ = 0.50, nominal law",0.0204661799939199,1.004553553977198,1.0091882930038996
"A: fixed X$_c$ = 0.50, nominal law",0.020944511431514688,1.0046595676911492,1.0094027230944913
"A: fixed X$_c$ = 0.50, nominal law",0.021434022335148566,1.004768039746178,1.0096221497281346
"A: fixed X$_c$ = 0.50, nominal law",0.021934973989050602,1.0048790266845904,1.0098466889637467
"A: fixed X$_c$ = 0.50, nominal law",0.02244763378413224,1.0049925863272295,1.0100764595382807
"A: fixed X$_c$ = 0.50, nominal law",0.022972275360711513,1.0051087778013443,1.010311582927649
"A: fixed X$_c$ = 0.50, nominal law",0.023509178754572868,1.005227661569015,1.0105521834089986
"A: fixed X$_c$ = 0.50, nominal law",0.024058630546440668,1.0053492994561426,1.0107983881243485
"A: fixed X$_c$ = 0.50, nominal law",0.024620924014946255,1.0054737546820156,1.0110503271456308
"A: fixed X$_c$ = 0.50, nominal law",0.025196359293170156,1.0056010918894591,1.0113081335411596
"A: fixed X$_c$ = 0.50, nominal law",0.025785243528842736,1.0057313771755756,1.011571943443548
"A: fixed X$_c$ = 0.50, nominal law",0.026387891048289345,1.0058646781230864,1.0118418961191193
"A: fixed X$_c$ = 0.50, nominal law",0.02700462352420682,1.0060010638322825,1.0121181340388237
"A: fixed X$_c$ = 0.50, nominal law",0.027635770147361603,1.0061406049535937,1.0124008029507048
"A: fixed X$_c$ = 0.50, nominal law",0.028281667802300323,1.0062833737207824,1.0126900519539368
"A: fixed X$_c$ = 0.50, nominal law",0.028942661247167517,1.0064294439847739,1.0129860335744727
"A: fixed X$_c$ = 0.50, nominal law",0.029619103297725533,1.0065788912481282,1.0132889038423223
"A: fixed X$_c$ = 0.50, nominal law",0.030311355015675792,1.0067317927001638,1.013598822370505
"A: fixed X$_c$ = 0.50, nominal law",0.03101978590138097,1.0068882272527404,1.0139159524356984
"A: fixed X$_c$ = 0.50, nominal law",0.031744774091091936,1.007048275576708,1.0142404610606233
"A: fixed X$_c$ = 0.50, nominal law",0.032486706558783746,1.0072120201390344,1.0145725190981962
"A: fixed X$_c$ = 0.50, nominal law",0.03324597932270942,1.0073795452406102,1.0149123013174781
"A: fixed X$_c$ = 0.50, nominal law",0.03402299765678068,1.0075509370547475,1.0152599864914553
"A: fixed X$_c$ = 0.50, nominal law",0.03481817630688966,1.0077262836663763,1.0156157574866957
"A: fixed X$_c$ = 0.50, nominal law",0.03563193971228584,1.0079056751119433,1.0159798013548984
"A: fixed X$_c$ = 0.50, nominal law",0.03646472223212749,1.0080892034200222,1.0163523094263827
"A: fixed X$_c$ = 0.50, nominal law",0.03731696837732756,1.0082769626526433,1.0167334774055503
"A: fixed X$_c$ = 0.50, nominal law",0.03818913304781854,1.008469048947346,1.0171235054683572
"A: fixed X$_c$ = 0.50, nominal law",0.03908168177536264,1.0086655605599584,1.0175225983618148
"A: fixed X$_c$ = 0.50, nominal law",0.03999509097203665,1.0088665979081188,1.0179309655055953
"A: fixed X$_c$ = 0.50, nominal law",0.04092984818452443,1.0090722636155283,1.0183488210957201
"A: fixed X$_c$ = 0.50, nominal law",0.041886452354352705,1.0092826625569569,1.0187763842104294
"A: fixed X$_c$ = 0.50, nominal law",0.04286541408420925,1.0094979019039927,1.0192138789182175
"A: fixed X$_c$ = 0.50, nominal law",0.04386725591048499,1.0097180911715475,1.0196615343881066
"A: fixed X$_c$ = 0.50, nominal law",0.04489251258218608,1.009943342265117,1.0201195850021745
"A: fixed X$_c$ = 0.50, nominal law",0.04594173134636476,1.0101737695287982,1.0205882704703821
"A: fixed X$_c$ = 0.50, nominal law",0.0470154722402213,1.0104094897940719,1.021067835947739
"A: fixed X$_c$ = 0.50, nominal law",0.04811430839003259,1.0106506224293428,1.021558532153839
"A: fixed X$_c$ = 0.50, nominal law",0.04923882631706741,1.0108972893902444,1.0220606154948029
"A: fixed X$_c$ = 0.50, nominal law",0.0503896262506515,1.0111496152707058,1.02257434818767
"A: fixed X$_c$ = 0.50, nominal law",0.05156732244854963,1.0114077273547828,1.0230999983872728
"A: fixed X$_c$ = 0.50, nominal law",0.05277254352483538,1.0116717556692447,1.0236378403156274
"A: fixed X$_c$ = 0.50, nominal law",0.05400593278542374,1.011941833036923,1.02418815439388
"A: fixed X$_c$ = 0.50, nominal law",0.055268148571446025,1.0122180951308113,1.0247512273768469
"A: fixed X$_c$ = 0.50, nominal law",0.05655986461065008,1.0125006805289154,1.0253273524901756
"A: fixed X$_c$ = 0.50, nominal law",0.05788177037701274,1.0127897307698488,1.0259168295701753
"A: fixed X$_c$ = 0.50, nominal law",0.05923457145875806,1.013085390409162,1.0265199652063328
"A: fixed X$_c$ = 0.50, nominal law",0.06061898993497573,1.0133878070764035,1.0271370728865683
"A: fixed X$_c$ = 0.50, nominal law",0.06203576476104275,1.0136971315329,1.0277684731452448
"A: fixed X$_c$ = 0.50, nominal law",0.06348565216305217,1.0140135177302445,1.0284144937139779
"A: fixed X$_c$ = 0.50, nominal law",0.06496942604146125,1.0143371228694829,1.0290754696752693
"A: fixed X$_c$ = 0.50, nominal law",0.06648787838417262,1.014668107460983,1.0297517436189962
"A: fixed X$_c$ = 0.50, nominal law",0.068041819689271,1.0150066353849712,1.0304436658017841
"A: fixed X$_c$ = 0.50, nominal law",0.06963207939763882,1.0153528739527238,1.031151594309299
"A: fixed X$_c$ = 0.50, nominal law",0.0712595063356841,1.0157069939683863,1.031875895221469
"A: fixed X$_c$ = 0.50, nominal law",0.07292496916841444,1.0160691697914077,1.032616942780676
"A: fixed X$_c$ = 0.50, nominal law",0.07462935686310136,1.0164395793995649,1.0333751195629344
"A: fixed X$_c$ = 0.50, nominal law",0.07637357916378026,1.016818404452548,1.0341508166520699
"A: fixed X$_c$ = 0.50, nominal law",0.0781585670768409,1.0172058303560885,1.0349444338169367
"A: fixed X$_c$ = 0.50, nominal law",0.07998527336796708,1.0176020463265938,1.0357563796916682
"A: fixed X$_c$ = 0.50, nominal law",0.08185467307069029,1.0180072454562588,1.036587071958989
"A: fixed X$_c$ = 0.50, nominal law",0.08376776400682924,1.0184216247786215,1.037436937536598
"A: fixed X$_c$ = 0.50, nominal law",0.08572556731909325,1.018845385334523,1.0383064127666222
"A: fixed X$_c$ = 0.50, nominal law",0.08772912801613356,1.0192787322384367,1.0391959436081675
"A: fixed X$_c$ = 0.50, nominal law",0.08977951553033323,1.019721874745119,1.0401059858329393
"A: fixed X$_c$ = 0.50, nominal law",0.09187782428863339,1.0201750263165388,1.0410370052239586
"A: fixed X$_c$ = 0.50, nominal law",0.09402517429670132,1.0206384046890355,1.0419894777773548
"A: fixed X$_c$ = 0.50, nominal law",0.09622271173675134,1.021112231940653,1.0429638899072224
"A: fixed X$_c$ = 0.50, nominal law",0.09847160957933775,1.0215967345585952,1.043960738653542
"A: fixed X$_c$ = 0.50, nominal law",0.10077306820944618,1.0220921435067418,1.0449805318931338
"A: fixed X$_c$ = 0.50, nominal law",0.10312831606721848,1.0225986942931575,1.0460237885536166
"A: fixed X$_c$ = 0.50, nominal law",0.1055386103036523,1.023116627037534,1.0470910388303638
"A: fixed X$_c$ = 0.50, nominal law",0.10800523745162528,1.0236461865384863,1.0481828244063953
"A: fixed X$_c$ = 0.50, nominal law",0.11052951411260221,1.0241876223406268,1.0492996986751748
"A: fixed X$_c$ = 0.50, nominal law",0.11311278765939213,1.024741188801341,1.0504422269662692
"A: fixed X$_c$ = 0.50, nominal law",0.11575643695533036,1.0253071451571718,1.0516109867738035
"A: fixed X$_c$ = 0.50, nominal law",0.11846187309026836,1.0258857555897245,1.0528065679876493
"A: fixed X$_c$ = 0.50, nominal law",0.12123054013376529,1.0264772892909948,1.0540295731272813
"A: fixed X$_c$ = 0.50, nominal law",0.12406391590588318,1.0270820205280178,1.0552806175782132
"A: fixed X$_c$ = 0.50, nominal law",0.12696351276599727,1.0277002287067254,1.0565603298309187
"A: fixed X$_c$ = 0.50, nominal law",0.12993087842004158,1.0283321984349072,1.057869351722157
"A: fixed X$_c$ = 0.50, nominal law",0.13296759674662126,1.0289782195841408,1.0592083386785616
"A: fixed X$_c$ = 0.50, nominal law",0.1360752886424333,1.029638587350575,1.0605779599623928
"A: fixed X$_c$ = 0.50, nominal law",0.13925561288744634,1.030313602314426,1.06197889891931
"A: fixed X$_c$ = 0.50, nominal law",0.14251026703029993,1.0310035704980463,1.0634118532280135
"A: fixed X$_c$ = 0.50, nominal law",0.14584098829439862,1.0317088034224173,1.0648775351516002
"A: fixed X$_c$ = 0.50, nominal law",0.1492495545051829,1.0324296181619068,1.0663766717904506
"A: fixed X$_c$ = 0.50, nominal law",0.1527377850390714,1.0331663373971305,1.0679100053364603
"A: fixed X$_c$ = 0.50, nominal law",0.15630754179458173,1.033919289465739,1.0694782933284053
"A: fixed X$_c$ = 0.50, nominal law",0.1599607301861488,1.0346888084109536,1.0710823089082169
"A: fixed X$_c$ = 0.50, nominal law",0.16369930016117018,1.0354752340276552,1.0727228410779226
"A: fixed X$_c$ = 0.50, nominal law",0.16752524724082155,1.0362789119058269,1.0744006949569862
"A: fixed X$_c$ = 0.50, nominal law",0.1714406135851972,1.0371001934711435,1.076116692039768
"A: fixed X$_c$ = 0.50, nominal law",0.17544748908334598,1.037939436022482,1.0778716704528002
"A: fixed X$_c$ = 0.50, nominal law",0.17954801246878302,1.0387970027661284,1.0796664852115414
"A: fixed X$_c$ = 0.50, nominal law",0.18374437246107267,1.0396732628464322,1.0815020084762637
"A: fixed X$_c$ = 0.50, nominal law",0.18803880893409167,1.0405685913726639,1.0833791298066948
"A: fixed X$_c$ = 0.50, nominal law",0.192433614111598,1.0414833694418046,1.0852987564149996
"A: fixed X$_c$ = 0.50, nominal law",0.19693113379074217,1.0424179841569963,1.0872618134166812
"A: fixed X$_c$ = 0.50, nominal law",0.2015337685941733,1.0433728286413613,1.0892692440789227
"A: fixed X$_c$ = 0.50, nominal law",0.20624397525140928,1.0443483020468904,1.0913220100658776
"A: fixed X$_c$ = 0.50, nominal law",0.21106426791015548,1.045344809558088,1.0934210916803833
"A: fixed X$_c$ = 0.50, nominal law",0.21599721947827172,1.0463627623900424,1.0955674881015247
"A: fixed X$_c$ = 0.50, nominal law",0.22104546299710218,1.0474025777805847,1.097762217617447
"A: fixed X$_c$ = 0.50, nominal law",0.22621169304690264,1.048464678976175,1.1000063178527766
"A: fixed X$_c$ = 0.50, nominal law",0.23149866718511608,1.0495494952111506,1.1023008459899621
"A: fixed X$_c$ = 0.50, nominal law",0.2369092074182632,1.0506574616799464,1.1046468789838086
"A: fixed X$_c$ = 0.50, nominal law",0.24244620170823283,1.0517890195018922,1.1070455137684407
"A: fixed X$_c$ = 0.50, nominal law",0.24811260551377703,1.052944615678161,1.1094978674558549
"A: fixed X$_c$ = 0.50, nominal law",0.25391144336803473,1.0541247030404466,1.1120050775252048
"A: fixed X$_c$ = 0.50, nominal law",0.2598458104929247,1.0553297401909134,1.1145683020018935
"A: fixed X$_c$ = 0.50, nominal law",0.2659188744512693,1.0565601914329519,1.1171887196254782
"A: fixed X$_c$ = 0.50, nominal law",0.2721338768375309,1.0578165266922623,1.1198675300053682
"A: fixed X$_c$ = 0.50, nominal law",0.2784941350080644,1.0590992214277573,1.122605953763201
"A: fixed X$_c$ = 0.50, nominal law",0.2850030438518108,1.0604087565317717,1.1254052326607458
"A: fixed X$_c$ = 0.50, nominal law",0.2916640776023707,1.0617456182190355,1.1282666297120902
"A: fixed X$_c$ = 0.50, nominal law",0.2984807916924327,1.0631102979038596,1.131191429278825
"A: fixed X$_c$ = 0.50, nominal law",0.30545682465154317,1.0645032920649564,1.1341809371468468
"A: fixed X$_c$ = 0.50, nominal law",0.3125959000482281,1.0659251020973026,1.137236480583329
"A: fixed X$_c$ = 0.50, nominal law",0.31990182847750676,1.067376234150431,1.140359408372336
"A: fixed X$_c$ = 0.50, nominal law",0.3273785095948577,1.0688571989525202,1.143551090827469
"A: fixed X$_c$ = 0.50, nominal law",0.335029934197723,1.0703685116196324,1.1468129197798504
"A: fixed X$_c$ = 0.50, nominal law",0.3428601863556587,1.071910691449423,1.1501463085396517
"A: fixed X$_c$ = 0.50, nominal law",0.3508734455902715,1.0734842616986366,1.1535526918292955
"A: fixed X$_c$ = 0.50, nominal law",0.3590739891061055,1.075089749343681,1.1570335256863529
"A: fixed X$_c$ = 0.50, nominal law",0.36746619407366876,1.0767276848235416,1.1605902873340528
"A: fixed X$_c$ = 0.50, nominal law",0.37605453996581717,1.0783986017642995,1.1642244750172377
"A: fixed X$_c$ = 0.50, nominal law",0.3848436109487433,1.0801030366844757,1.1679376078014605
"A: fixed X$_c$ = 0.50, nominal law",0.39383809832884886,1.0818415286804233,1.171731225332846
"A: fixed X$_c$ = 0.50, nominal law",0.40304280305680507,1.0836146190909577,1.1756068875561791
"A: fixed X$_c$ = 0.50, nominal law",0.41246263829013524,1.0854228511404074,1.1795661743886074
"A: fixed X$_c$ = 0.50, nominal law",0.42210263201569026,1.0872667695592422,1.1836106853461958
"A: fixed X$_c$ = 0.50, nominal law",0.43196792973341736,1.089146920181427,1.1877420391204565
"A: fixed X$_c$ = 0.50, nominal law",0.44206379720285294,1.0910638495176275,1.1919618731018455
"A: fixed X$_c$ = 0.50, nominal law",0.4523956232538053,1.0930181043033806,1.1962718428470895
"A: fixed X$_c$ = 0.50, nominal law",0.46296892266272677,1.0950102310213332,1.2006736214870672
"A: fixed X$_c$ = 0.50, nominal law",0.4737893390963144,1.0970407753966327,1.2051688990718343
"A: fixed X$_c$ = 0.50, nominal law",0.4848626481239078,1.0991102818645473,1.2097593818492407
"A: fixed X$_c$ = 0.50, nominal law",0.4961947603002903,1.1012192930093834,1.214446791473447
"A: fixed X$_c$ = 0.50, nominal law",0.5077917243205403,1.1033683489737551,1.219232864139501
"A: fixed X$_c$ = 0.50, nominal law",0.5196597302486198,1.105557986837261,1.224119349639993
"A: fixed X$_c$ = 0.50, nominal law",0.5318051128214197,1.1077887399636133,1.2291080103396563
"A: fixed X$_c$ = 0.50, nominal law",0.5442343548300266,1.1100611373152673,1.2342006200636386
"A: fixed X$_c$ = 0.50, nominal law",0.5569540905800135,1.1123757027345937,1.2393989628950155
"A: fixed X$_c$ = 0.50, nominal law",0.5699711094326075,1.1147329541906452,1.2447048318769736
"A: fixed X$_c$ = 0.50, nominal law",0.5832923594286207,1.1171334029905726,1.250120027614952
"A: fixed X$_c$ = 0.50, nominal law",0.596924950997074,1.119577552954751,1.2556463567738703
"A: fixed X$_c$ = 0.50, nominal law",0.6108761607505039,1.1220658995546942,1.2612856304654478
"A: fixed X$_c$ = 0.50, nominal law",0.6251534353689712,1.124598929012854,1.267039662520477
"A: fixed X$_c$ = 0.50, nominal law",0.639764395574843,1.1271771173634078,1.2729102676407729
"A: fixed X$_c$ = 0.50, nominal law",0.6547168402004743,1.1298009294731775,1.2788992594254038
"A: fixed X$_c$ = 0.50, nominal law",0.670018750350959,1.1324708180218472,1.2850084482657012
"A: fixed X$_c$ = 0.50, nominal law",0.6856782936641738,1.1351872224406723,1.2912396391033971
"A: fixed X$_c$ = 0.50, nominal law",0.701703828670383,1.1379505678089277,1.2975946290462006
"A: fixed X$_c$ = 0.50, nominal law",0.7181039092537357,1.1407612637073685,1.304075204834961
"A: fixed X$_c$ = 0.50, nominal law",0.7348872892180388,1.1436197030280457,1.310683140156563
"A: fixed X$_c$ = 0.50, nominal law",0.7520629269592407,1.1465262607398652,1.3174201927965952
"A: fixed X$_c$ = 0.50, nominal law",0.7696399902471159,1.1494812926093405,1.3242881016257972
"A: fixed X$_c$ = 0.50, nominal law",0.7876278611187063,1.152485133876071,1.33128858341429
"A: fixed X$_c$ = 0.50, nominal law",0.8060361408861344,1.1555380978825467,1.3384233294675671
"A: fixed X$_c$ = 0.50, nominal law",0.8248746552614581,1.1586404746579648,1.3456940020782602
"A: fixed X$_c$ = 0.50, nominal law",0.8441534596012984,1.1617925294558527,1.3531022307877534
"A: fixed X$_c$ = 0.50, nominal law",0.8638828442740453,1.1649945012453717,1.3606496084517705
"A: fixed X$_c$ = 0.50, nominal law",0.8840733401525063,1.168246601156314,1.368337687104209
"A: fixed X$_c$ = 0.50, nominal law",0.9047357242349292,1.1715490108779039,1.3761679736136108
"A: fixed X$_c$ = 0.50, nominal law",0.9258810253973954,1.1749018810116667,1.3841419251268692
"A: fixed X$_c$ = 0.50, nominal law",0.9475205302806547,1.178305329378751,1.3922609442949765
"A: fixed X$_c$ = 0.50, nominal law",0.969665789314552,1.181759439282264,1.4005263742759217
"A: fixed X$_c$ = 0.50, nominal law",0.9923286228832545,1.1852642577253258,1.4089394935101454
"A: fixed X$_c$ = 0.50, nominal law",1.0155211276345681,1.1888197935857368,1.417501510264335
"A: fixed X$_c$ = 0.50, nominal law",1.0392556829367132,1.1924260157483333,1.4262135569398025
"A: fixed X$_c$ = 0.50, nominal law",1.0635449574860112,1.1960828511963126,1.4350766841421574
"A: fixed X$_c$ = 0.50, nominal law",1.0884019160690066,1.1997901830630158,1.444091854509541
"A: fixed X$_c$ = 0.50, nominal law",1.1138398264826195,1.2035478486458826,1.4532599362973426
"A: fixed X$_c$ = 0.50, nominal law",1.1398722666160526,1.2073556373845453,1.4625816967180083
"A: fixed X$_c$ = 0.50, nominal law",1.1665131316981963,1.211213288805252,1.4720577950352995
"A: fixed X$_c$ = 0.50, nominal law",1.193776641714437,1.2151204904341122,1.4816887754132875
"A: fixed X$_c$ = 0.50, nominal law",1.2216773489967918,1.219076875681902,1.4914750595212363
"A: fixed X$_c$ = 0.50, nominal law",1.250230145991456,1.2230820217034877,1.5014169388966294
"A: fixed X$_c$ = 0.50, nominal law",1.2794502732078734,1.2271354472352105,1.5115145670696792
"A: fixed X$_c$ = 0.50, nominal law",1.3093533273536109,1.2312366104139139,1.5217679514539026
"A: fixed X$_c$ = 0.50, nominal law",1.3399552696593384,1.2353849065816125,1.5321769450086766
"A: fixed X$_c$ = 0.50, nominal law",1.3712724343984009,1.2395796660801615,1.5427412376811063
"A: fixed X$_c$ = 0.50, nominal law",1.4033215376054846,1.2438201520406282,1.5534603476360744
"A: fixed X$_c$ = 0.50, nominal law",1.4361196859990788,1.2481055581724596,1.5643336122850031
"A: fixed X$_c$ = 0.50, nominal law",1.469684386112446,1.2524350065578937,1.5753601791255842
"A: fixed X$_c$ = 0.50, nominal law",1.5040335536380252,1.2568075454574839,1.5865389964066354
"A: fixed X$_c$ = 0.50, nominal law",1.5391855229902054,1.2612221471329803,1.597868803634174
"A: fixed X$_c$ = 0.50, nominal law",1.5751590570916227,1.2656777056942459,1.609348121936942
"A: fixed X$_c$ = 0.50, nominal law",1.6119733573881572,1.270173034977278,1.6209752443117524
"A: fixed X$_c$ = 0.50, nominal law",1.6496480740980206,1.2747068664608532,1.6327482257713861
"A: fixed X$_c$ = 0.50, nominal law",1.6882033167003627,1.2792778472297173,1.6446648734201417
"A: fixed X$_c$ = 0.50, nominal law",1.7276596646690363,1.2838845379926846,1.6567227364846588
"A: fixed X$_c$ = 0.50, nominal law",1.7680381784572086,1.2885254111644326,1.668919096330231
"A: fixed X$_c$ = 0.50, nominal law",1.8093604107387165,1.2931988490202047,1.6812509564955131
"A: fixed X$_c$ = 0.50, nominal law",1.8516484179121562,1.2979031419330558,1.6937150327812724
"A: fixed X$_c$ = 0.50, nominal law",1.8949247718738218,1.302636486703678,1.706307743431657
"A: fixed X$_c$ = 0.50, nominal law",1.939212572065831,1.3073969849932652,1.7190251994493466
"A: fixed X$_c$ = 0.50, nominal law",1.9845354578058032,1.312182641870234,1.7318631950888104
"A: fixed X$_c$ = 0.50, nominal law",2.0309176209047366,1.3169913644820135,1.7448171985748726
"A: fixed X$_c$ = 0.50, nominal law",2.0783838185797574,1.3218209608634444,1.7578823430966777
"A: fixed X$_c$ = 0.50, nominal law",2.126959386668692,1.3266691388936573,1.7710534181300457
"A: fixed X$_c$ = 0.50, nominal law",2.176670253153459,1.3315335054135848,1.784324861144077
"A: fixed X$_c$ = 0.50, nominal law",2.227542951999559,1.3364115655165245,1.7976907497506514
"A: fixed X$_c$ = 0.50, nominal law",2.2796046373189798,1.3413007220243676,1.811144794358096
"A: fixed X$_c$ = 0.50, nominal law",2.3328830978641584,1.3461982751622976,1.824680331392907
"A: fixed X$_c$ = 0.50, nominal law",2.387406771860647,1.3511014224448612,1.8382903171557379
"A: fixed X$_c$ = 0.50, nominal law",2.443204762186489,1.3560072587863867,1.8519673223800521
"A: fixed X$_c$ = 0.50, nominal law",2.500306851906324,1.360912776848717,1.8657035275637845
"A: fixed X$_c$ = 0.50, nominal law",2.5587435201685893,1.3658148676391537,1.8794907191459784
"A: fixed X$_c$ = 0.50, nominal law",2.618545958474233,1.3707103213713656,1.8933202866017083
"A: fixed X$_c$ = 0.50, nominal law",2.679746087325692,1.3755958286017835,1.9071832205295525
"A: fixed X$_c$ = 0.50, nominal law",2.7423765732649494,1.3804679816536942,1.9210701118064095
"A: fixed X$_c$ = 0.50, nominal law",2.8064708463098387,1.3853232763408254,1.93497115188453
"A: fixed X$_c$ = 0.50, nominal law",2.872063117797828,1.3901581140017207,1.9488761343052308
"A: fixed X$_c$ = 0.50, nominal law",2.939188398646887,1.3949688038555732,1.9627744575027246
"A: fixed X$_c$ = 0.50, nominal law",3.007882518043099,1.3997515656894624,1.9766551289699577
"A: fixed X$_c$ = 0.50, nominal law",3.07818214256508,1.4045025328860963,1.9905067708560724
"A: fixed X$_c$ = 0.50, nominal law",3.1501247957553278,1.4092177558001793,2.0043176270621617
"A: fixed X$_c$ = 0.50, nominal law",3.2237488781490304,1.413893205490439,2.0180755718983594
"A: fixed X$_c$ = 0.50, nominal law",3.299093687770939,1.4185247778130978,2.031768120360768
"A: fixed X$_c$ = 0.50, nominal law",3.3761994411113405,1.4231082978812224,2.045382440081534
"A: fixed X$_c$ = 0.50, nominal law",3.455107294592218,1.4276395248928526,2.0589053649991933
"A: fixed X$_c$ = 0.50, nominal law",3.5358593665351794,1.4321141573291847,2.0723234107894575
"A: fixed X$_c$ = 0.50, nominal law",3.6184987596427467,1.4365278385222606,2.0856227920886807
"A: fixed X$_c$ = 0.50, nominal law",3.7030695840051413,1.4408761625897064,2.098789441533509
"A: fixed X$_c$ = 0.50, nominal law",3.7896169806447193,1.4451546807319555,2.1118090306304547
"A: fixed X$_c$ = 0.50, nominal law",3.878187145610724,1.4493589078851954,2.124666992458571
"A: fixed X$_c$ = 0.50, nominal law",3.968827354637166,1.453484329720911,2.137348546196912
"A: fixed X$_c$ = 0.50, nominal law",4.061585988376979,1.4575264099804208,2.14983872345612
"A: fixed X$_c$ = 0.50, nominal law",4.156512558225992,1.461480598130202,2.1621223963803216
"A: fixed X$_c$ = 0.50, nominal law",4.253657732750387,1.4653423373210808,2.174184307471613
"A: fixed X$_c$ = 0.50, nominal law",4.353073364731892,1.4691070726315623,2.1860091010748173
"A: fixed X$_c$ = 0.50, nominal law",4.454812518844989,1.4727702595726717,2.1975813564449798
"A: fixed X$_c$ = 0.50, nominal law",4.558929499981064,1.4763273728287105,2.208885622304352
"A: fixed X$_c$ = 0.50, nominal law",4.665479882234473,1.4797739152053275,2.219906452779537
"A: fixed X$_c$ = 0.50, nominal law",4.774520538566131,1.483105426753251,2.23062844459307
"A: fixed X$_c$ = 0.50, nominal law",4.886109671160326,1.4863174940329813,2.2410362753672444
"A: fixed X$_c$ = 0.50, nominal law",5.000306842491095,1.4894057594827144,2.251114742881532
"A: fixed X$_c$ = 0.50, nominal law",5.117173007114604,1.4923659308487915,2.2608488051087643
"A: fixed X$_c$ = 0.50, nominal law",5.2367705442046555,1.4951937906350568,2.2702236208393494
"A: fixed X$_c$ = 0.50, nominal law",5.359163290848515,1.4978852055247263,2.279224590687666
"A: fixed X$_c$ = 0.50, nominal law",5.484416576121021,1.5004361357257205,2.287837398260288
"A: fixed X$_c$ = 0.50, nominal law",5.612597255954972,1.5028426441879517,2.296048051252375
"A: fixed X$_c$ = 0.50, nominal law",5.7437737488265865,1.5051009056388178,2.303842922226396
"A: fixed X$_c$ = 0.50, nominal law",5.878016072274912,1.5072072153811686,2.3112087888167134
"A: fixed X$_c$ = 0.50, nominal law",6.015395880274839,1.5091579977963354,2.318132873094624
"A: fixed X$_c$ = 0.50, nominal law",6.155986501483508,1.5109498144934532,2.324602879821339
"A: fixed X$_c$ = 0.50, nominal law",6.299862978380694,1.5125793720453704,2.3306070333116127
"A: fixed X$_c$ = 0.50, nominal law",6.44710210732387,1.5140435292508663,2.3361341126280504
"A: fixed X$_c$ = 0.50, nominal law",6.597782479539539,1.5153393038628324,2.3411734848261463
"A: fixed X$_c$ = 0.50, nominal law",6.751984523072502,1.516463878722474,2.345715135972792
"A: fixed X$_c$ = 0.50, nominal law",6.909790545715645,1.5174146072405241,2.349749699666424
"A: fixed X$_c$ = 0.50, nominal law",7.071284778942996,1.518189018167962,2.3532684827954977
"A: fixed X$_c$ = 0.50, nominal law",7.236553422869657,1.5187848196008091,2.3562634882834677
"A: fixed X$_c$ = 0.50, nominal law",7.405684692262435,1.5191999021662652,2.3587274345830553
"A: fixed X$_c$ = 0.50, nominal law",7.57876886362593,1.5194323413407549,2.360653771700284
"A: fixed X$_c$ = 0.50, nominal law",7.755898323389002,1.5194803988544123,2.362036693549591
"A: fixed X$_c$ = 0.50, nominal law",7.937167617217551,1.5193425231411002,2.3628711464651198
"A: fixed X$_c$ = 0.50, nominal law",8.12267350047972,1.5190173487982817,2.3631528337199614
"A: fixed X$_c$ = 0.50, nominal law",8.312514989890632,1.5185036950268789,2.3628782159345763
"A: fixed X$_c$ = 0.50, nominal law",8.506793416364161,1.517800563027685,2.3620445072875245
"A: fixed X$_c$ = 0.50, nominal law",8.705612479099866,1.5169071323378585,2.360649667475812
"A: fixed X$_c$ = 0.50, nominal law",8.909078300934143,1.5158227560985378,2.3586923894082577
"A: fixed X$_c$ = 0.50, nominal law",9.11729948498492,1.514546955252554,2.3561720826529715
"A: fixed X$_c$ = 0.50, nominal law",9.330387172620371,1.5130794116795796,2.3530888526989155
"A: fixed X$_c$ = 0.50, nominal law",9.548455102782293,1.5114199602847296,2.34944347613112
"A: fixed X$_c$ = 0.50, nominal law",9.77161967269618,1.5095685800655287,2.345237371859059
"A: fixed X$_c$ = 0.50, nominal law",10.0,1.5075253841912308,2.3404725685773635
"B: fitted X$_c$($\phi$), F($\phi$), nanoparticles",0.01,1.5878116370663062,2.521219585876028
"B: fitted X$_c$($\phi$), F($\phi$), nanoparticles",0.010233717986325202,1.5881038769606217,2.522149467554938
"B: fitted X$_c$($\phi$), F($\phi$), nanoparticles",0.010472898382363585,1.5884013452748362,2.523096171797245
"B: fitted X$_c$($\phi$), F($\phi$), nanoparticles",0.010717668854455034,1.5887043516553114,2.524060692862614
"B: fitted X$_c$($\phi$), F($\phi$), nanoparticles",0.01096816005273138,1.5890131803587724,2.525043945275207
"B: fitted X$_c$($\phi$), F($\phi$), nanoparticles",0.011224505680853071,1.5893280936438319,2.5260467745603115
"B: fitted X$_c$($\phi$), F($\phi$), nanoparticles",0.011486842567375536,1.5896493348819485,2.5270699670991026
"B: fitted X$_c$($\phi$), F($\phi$), nanoparticles",0.011755310738783699,1.589977131387974,2.5281142591012293
"B: fitted X$_c$($\phi$), F($\phi$), nanoparticles",0.012030053494233242,1.590311696974814,2.529180344708805
"B: fitted X$_c$($\phi$), F($\phi$), nanoparticles",0.012311217482038908,1.5906532342405062,2.5302688832574365
"B: fitted X$_c$($\phi$), F($\phi$), nanoparticles",0.01259895277795027,1.5910019365991512,2.531380505729893
"B: fitted X$_c$($\phi$), F($\phi$), nanoparticles",0.012893412965257157,1.5913579900696277,2.5325158204460023
"B: fitted X$_c$($\phi$), F($\phi$), nanoparticles",0.01319475521676706,1.591721574837906,2.533675418038378
"B: fitted X$_c$($\phi$), F($\phi$), nanoparticles",0.013503140378698736,1.5920928666100742,2.534859875767743
"B: fitted X$_c$($\phi$), F($\phi$), nanoparticles",0.01381873305653632,1.5924720377739232,2.536069761234017
"B: fitted X$_c$($\phi$), F($\phi$), nanoparticles",0.014141701702890239,1.5928592583872208,2.5373056355402683
"B: fitted X$_c$($\phi$), F($\phi$), nanoparticles",0.014472218707411343,1.593254697010625,2.5385680559661092
"B: fitted X$_c$($\phi$), F($\phi$), nanoparticles",0.014810460488806753,1.5936585214026695,2.5398575782055524
"B: fitted X$_c$($\phi$), F($\phi$), nanoparticles",0.015156607589006027,1.5940708990934433,2.5411747582217683
"B: fitted X$_c$($\phi$), F($\phi$), nanoparticles",0.015510844769528406,1.594491997852536,2.5425201537679514
"B: fitted X$_c$($\phi$), F($\phi$), nanoparticles",0.015873361110102086,1.5949219860656396,2.543894325619752
"B: fitted X$_c$($\phi$), F($\phi$), nanoparticles",0.01624435010958867,1.5953610330328776,2.5452978385606015
"B: fitted X$_c$($\phi$), F($\phi$), nanoparticles",0.01662400978926612,1.5958093092005916,2.5467312621570284
"B: fitted X$_c$($\phi$), F($\phi$), nanoparticles",0.01701254279852589,1.5962669863369656,2.5481951713567996
"B: fitted X$_c$($\phi$), F($\phi$), nanoparticles",0.017410156523040152,1.5967342376605296,2.549690146938506
"B: fitted X$_c$($\phi$), F($\phi$), nanoparticles",0.017817063195457308,1.5972112379293542,2.5512167758373105
"B: fitted X$_c$($\phi$), F($\phi$), nanoparticles",0.018233480008684404,1.5976981634975382,2.5527756513677735
"B: fitted X$_c$($\phi$), F($\phi$), nanoparticles",0.01865962923181746,1.5981951923445625,2.554367373361369
"B: fitted X$_c$($\phi$), F($\phi$), nanoparticles",0.01909573832878097,1.5987025040820677,2.5559925482331574
"B: fitted X$_c$($\phi$), F($\phi$), nanoparticles",0.019542040079740534,1.5992202799418158,2.5576517889894723
"B: fitted X$_c$($\phi$), F($\phi$), nanoparticles",0.01999877270535287,1.5997487027478063,2.559345715186037
"B: fitted X$_c$($\phi$), F($\phi$), nanoparticles",0.0204661799939199,1.6002879568749084,2.561074952843956
"B: fitted X$_c$($\phi$), F($\phi$), nanoparticles",0.020944511431514688,1.600838228195835,2.5628401343293343
"B: fitted X$_c$($\phi$), F($\phi$), nanoparticles",0.021434022335148566,1.601399704017821,2.5646418982007986
"B: fitted X$_c$($\phi$), F($\phi$), nanoparticles",0.021934973989050602,1.6019725730100103,2.56648088902805
"B: fitted X$_c$($\phi$), F($\phi$), nanoparticles",0.02244763378413224,1.6025570251222714,2.568357757183673
"B: fitted X$_c$($\phi$), F($\phi$), nanoparticles",0.022972275360711513,1.6031532514958924,2.570273158609557
"B: fitted X$_c$($\phi$), F($\phi$), nanoparticles",0.023509178754572868,1.6037614443664556,2.5722277545588064
"B: fitted X$_c$($\phi$), F($\phi$), nanoparticles",0.024058630546440668,1.6043817969590135,2.574222211313424
"B: fitted X$_c$($\phi$), F($\phi$), nanoparticles",0.024620924014946255,1.6050145033755987,2.576257199877786
"B: fitted X$_c$($\phi$), F($\phi$), nanoparticles",0.025196359293170156,1.6056597584750008,2.5783333956475754
"B: fitted X$_c$($\phi$), F($\phi$), nanoparticles",0.025785243528842736,1.6063177577446848,2.5804514780536483
"B: fitted X$_c$($\phi$), F($\phi$), nanoparticles",0.026387891048289345,1.6069886971646745,2.5826121301801637
"B: fitted X$_c$($\phi$), F($\phi$), nanoparticles",0.02700462352420682,1.607672773063193,2.5848160383561374
"B: fitted X$_c$($\phi$), F($\phi$), nanoparticles",0.027635770147361603,1.6083701819638228,2.587063891719544
"B: fitted X$_c$($\phi$), F($\phi$), nanoparticles",0.028281667802300323,1.6090811204239293,2.5893563817529537
"B: fitted X$_c$($\phi$), F($\phi$), nanoparticles",0.028942661247167517,1.609805784864082,2.591694201789704
"B: fitted X$_c$($\phi$), F($\phi$), nanoparticles",0.029619103297725533,1.6105443713881953,2.5940780464895035
"B: fitted X$_c$($\phi$), F($\phi$), nanoparticles",0.030311355015675792,1.611297075594105,2.5965086112823785
"B: fitted X$_c$($\phi$), F($\phi$), nanoparticles",0.03101978590138097,1.6120640923742924,2.598986591779795
"B: fitted X$_c$($\phi$), F($\phi$), nanoparticles",0.031744774091091936,1.6128456157064677,2.6015126831518254
"B: fitted X$_c$($\phi$), F($\phi$), nanoparticles",0.032486706558783746,1.6136418384337283,2.604087579469188
"B: fitted X$_c$($\phi$), F($\phi$), nanoparticles",0.03324597932270942,1.614452952033991,2.606711973008925
"B: fitted X$_c$($\phi$), F($\phi$), nanoparticles",0.03402299765678068,1.6152791463784237,2.609386553522568
"B: fitted X$_c$($\phi$), F($\phi$), nanoparticles",0.03481817630688966,1.6161206094785912,2.612112007465569
"B: fitted X$_c$($\phi$), F($\phi$), nanoparticles",0.03563193971228584,1.6169775272220346,2.6148890171867833
"B: fitted X$_c$($\phi$), F($\phi$), nanoparticles",0.03646472223212749,1.617850083096014,2.617718260076809
"B: fitted X$_c$($\phi$), F($\phi$), nanoparticles",0.03731696837732756,1.6187384578991548,2.6206004076739693
"B: fitted X$_c$($\phi$), F($\phi$), nanoparticles",0.03818913304781854,1.619642829440735,2.6235361247267694
"B: fitted X$_c$($\phi$), F($\phi$), nanoparticles",0.03908168177536264,1.620563372227377,2.6265260682116125
"B: fitted X$_c$($\phi$), F($\phi$), nanoparticles",0.03999509097203665,1.6215002571369095,2.629570886304683
"B: fitted X$_c$($\phi$), F($\phi$), nanoparticles",0.04092984818452443,1.622453651079178,2.6326712173067817
"B: fitted X$_c$($\phi$), F($\phi$), nanoparticles",0.041886452354352705,1.623423716643605,2.635827688520076
"B: fitted X$_c$($\phi$), F($\phi$), nanoparticles",0.04286541408420925,1.624410611733317,2.639040915075679
"B: fitted X$_c$($\phi$), F($\phi$), nanoparticles",0.04386725591048499,1.6254144891856708,2.642311498711036
"B: fitted X$_c$($\phi$), F($\phi$), nanoparticles",0.04489251258218608,1.626435496379037,2.645640026496142
"B: fitted X$_c$($\phi$), F($\phi$), nanoparticles",0.04594173134636476,1.6274737748257226,2.649027069507694
"B: fitted X$_c$($\phi$), F($\phi$), nanoparticles",0.0470154722402213,1.6285294597509485,2.6524731814503513
"B: fitted X$_c$($\phi$), F($\phi$), nanoparticles",0.04811430839003259,1.6296026796578051,2.655978897224277
"B: fitted X$_c$($\phi$), F($\phi$), nanoparticles",0.04923882631706741,1.6306935558781739,2.6595447314383636
"B: fitted X$_c$($\phi$), F($\phi$), nanoparticles",0.0503896262506515,1.6318022021096121,2.6631711768685142
"B: fitted X$_c$($\phi$), F($\phi$), nanoparticles",0.05156732244854963,1.6329287239382408,2.666858702860495
"B: fitted X$_c$($\phi$), F($\phi$), nanoparticles",0.05277254352483538,1.6340732183477322,2.670607753677047
"B: fitted X$_c$($\phi$), F($\phi$), nanoparticles",0.05400593278542374,1.6352357732145184,2.674418746789009
"B: fitted X$_c$($\phi$), F($\phi$), nanoparticles",0.055268148571446025,1.6364164667893977,2.6782920711103615
"B: fitted X$_c$($\phi$), F($\phi$), nanoparticles",0.05655986461065008,1.6376153671657772,2.682228085177303
"B: fitted X$_c$($\phi$), F($\phi$), nanoparticles",0.05788177037701274,1.6388325317348222,2.6862271152715915
"B: fitted X$_c$($\phi$), F($\phi$), nanoparticles",0.05923457145875806,1.6400680066278703,2.6902894534886
"B: fitted X$_c$($\phi$), F($\phi$), nanoparticles",0.06061898993497573,1.6413218261464997,2.6944153557507122
"B: fitted X$_c$($\phi$), F($\phi$), nanoparticles",0.06203576476104275,1.6425940121807383,2.698605039766952
"B: fitted X$_c$($\phi$), F($\phi$), nanoparticles",0.06348565216305217,1.643884573615948,2.7028586829399153
"B: fitted X$_c$($\phi$), F($\phi$), nanoparticles",0.06496942604146125,1.6451935057290015,2.7071764202213724
"B: fitted X$_c$($\phi$), F($\phi$), nanoparticles",0.06648787838417262,1.646520789574456,2.711558341918172
"B: fitted X$_c$($\phi$), F($\phi$), nanoparticles",0.068041819689271,1.6478663913614897,2.716004491450336
"B: fitted X$_c$($\phi$), F($\phi$), nanoparticles",0.06963207939763882,1.6492302618224859,2.720514863063612
"B: fitted X$_c$($\phi$), F($\phi$), nanoparticles",0.0712595063356841,1.650612335574206,2.725089399498991
"B: fitted X$_c$($\phi$), F($\phi$), nanoparticles",0.07292496916841444,1.6520125304726196,2.729727989622134
"B: fitted X$_c$($\phi$), F($\phi$), nanoparticles",0.07462935686310136,1.6534307469625402,2.7344304660159633
"B: fitted X$_c$($\phi$), F($\phi$), nanoparticles",0.07637357916378026,1.654866867423326,2.739196602540083
"B: fitted X$_c$($\phi$), F($\phi$), nanoparticles",0.0781585670768409,1.656320755512022,2.7440261118611273
"B: fitted X$_c$($\phi$), F($\phi$), nanoparticles",0.07998527336796708,1.6577922555054074,2.7489186429584893
"B: fitted X$_c$($\phi$), F($\phi$), nanoparticles",0.08185467307069029,1.6592811916425676,2.7538737786104734
"B: fitted X$_c$($\phi$), F($\phi$), nanoparticles",0.08376776400682924,1.6607873674696858,2.7588910328662197
"B: fitted X$_c$($\phi$), F($\phi$), nanoparticles",0.08572556731909325,1.662310565188908,2.7639698485093787
"B: fitted X$_c$($\phi$), F($\phi$), nanoparticles",0.08772912801613356,1.6638505450132408,2.7691095945199478
"B: fitted X$_c$($\phi$), F($\phi$), nanoparticles",0.08977951553033323,1.6654070445295832,2.7743095635412445
"B: fitted X$_c$($\phi$), F($\phi$), nanoparticles",0.09187782428863339,1.666979778072106,2.7795689693595067
"B: fitted X$_c$($\phi$), F($\phi$), nanoparticles",0.09402517429670132,1.6685684361083537,2.784886944404208
"B: fitted X$_c$($\phi$), F($\phi$), nanoparticles",0.09622271173675134,1.670172684640548,2.7902625372777337
"B: fitted X$_c$($\phi$), F($\phi$), nanoparticles",0.09847160957933775,1.6717921646247267,2.7956947103236223
"B: fitted X$_c$($\phi$), F($\phi$), nanoparticles",0.10077306820944618,1.6734264914104864,2.8011823372432514
"B: fitted X$_c$($\phi$), F($\phi$), nanoparticles",0.10312831606721848,1.6750752542042096,2.8067242007713396
"B: fitted X$_c$($\phi$), F($\phi$), nanoparticles",0.1055386103036523,1.676738015558829,2.8123189904213737
"B: fitted X$_c$($\phi$), F($\phi$), nanoparticles",0.10800523745162528,1.6784143108932688,2.8179653003125615
"B: fitted X$_c$($\phi$), F($\phi$), nanoparticles",0.11052951411260221,1.6801036480448606,2.82366162709059
"B: fitted X$_c$($\phi$), F($\phi$), nanoparticles",0.11311278765939213,1.6818055068581486,2.8294063679550705
"B: fitted X$_c$($\phi$), F($\phi$), nanoparticles",0.11575643695533036,1.6835193388136003,2.8351978188070874
"B: fitted X$_c$($\phi$), F($\phi$), nanoparticles",0.11846187309026836,1.6852445666998686,2.8410341725308994
"B: fitted X$_c$($\phi$), F($\phi$), nanoparticles",0.12123054013376529,1.6869805843333485,2.846913517424375
"B: fitted X$_c$($\phi$), F($\phi$), nanoparticles",0.12406391590588318,1.6887267563288553,2.852833835793256
"B: fitted X$_c$($\phi$), F($\phi$), nanoparticles",0.12696351276599727,1.6904824179253486,2.858793002724856
"B: fitted X$_c$($\phi$), F($\phi$), nanoparticles",0.12993087842004158,1.692246874870684,2.8647887850572493
"B: fitted X$_c$($\phi$), F($\phi$), nanoparticles",0.13296759674662126,1.6940194033694367,2.8708188405603976
"B: fitted X$_c$($\phi$), F($\phi$), nanoparticles",0.1360752886424333,1.6957992500978842,2.8768807173460478
"B: fitted X$_c$($\phi$), F($\phi$), nanoparticles",0.13925561288744634,1.6975856322902472,2.88297185352347
"B: fitted X$_c$($\phi$), F($\phi$), nanoparticles",0.14251026703029993,1.6993777379003039,2.8890895771183813
"B: fitted X$_c$($\phi$), F($\phi$), nanoparticles",0.14584098829439862,1.701174725842467,2.8952311062725022
"B: fitted X$_c$($\phi$), F($\phi$), nanoparticles",0.1492495545051829,1.7029757263163752,2.9013935497412398
"B: fitted X$_c$($\phi$), F($\phi$), nanoparticles",0.1527377850390714,1.70477984121898,2.9075739077069747
"B: fitted X$_c$($\phi$), F($\phi$), nanoparticles",0.15630754179458173,1.7065861446480286,2.913769072925256
"B: fitted X$_c$($\phi$), F($\phi$), nanoparticles",0.1599607301861488,1.7083936835006988,2.919975832220907
"B: fitted X$_c$($\phi$), F($\phi$), nanoparticles",0.16369930016117018,1.7102014781710095,2.9261908683506945
"B: fitted X$_c$($\phi$), F($\phi$), nanoparticles",0.16752524724082155,1.7120085233494389,2.932410762248662
"B: fitted X$_c$($\phi$), F($\phi$), nanoparticles",0.1714406135851972,1.7138137889279401,2.93863199566949
"B: fitted X$_c$($\phi$), F($\phi$), nanoparticles",0.17544748908334598,1.7156162210133272,2.9448509542445267
"B: fitted X$_c$($\phi$), F($\phi$), nanoparticles",0.17954801246878302,1.7174147430516575,2.951063930963975
"B: fitted X$_c$($\phi$), F($\phi$), nanoparticles",0.18374437246107267,1.7192082570659437,2.9572671300976983
"B: fitted X$_c$($\phi$), F($\phi$), nanoparticles",0.18803880893409167,1.7209956450091213,2.9634566715656443
"B: fitted X$_c$($\phi$), F($\phi$), nanoparticles",0.192433614111598,1.7227757702337856,2.9696285957673725
"B: fitted X$_c$($\phi$), F($\phi$), nanoparticles",0.19693113379074217,1.7245474790797488,2.9757788688784634
"B: fitted X$_c$($\phi$), F($\phi$), nanoparticles",0.2015337685941733,1.7263096025799602,2.9819033886196284
"B: fitted X$_c$($\phi$), F($\phi$), nanoparticles",0.20624397525140928,1.7280609582847652,2.987997990502177
"B: fitted X$_c$($\phi$), F($\phi$), nanoparticles",0.21106426791015548,1.7298003522038954,2.9940584545512148
"B: fitted X$_c$($\phi$), F($\phi$), nanoparticles",0.21599721947827172,1.7315265808649358,3.0000805125053858
"B: fitted X$_c$($\phi$), F($\phi$), nanoparticles",0.22104546299710218,1.7332384334863142,3.006059855489192
"B: fitted X$_c$($\phi$), F($\phi$), nanoparticles",0.22621169304690264,1.734934694262148,3.011992142151048
"B: fitted X$_c$($\phi$), F($\phi$), nanoparticles",0.23149866718511608,1.7366141447554984,3.0178730072570703
"B: fitted X$_c$($\phi$), F($\phi$), nanoparticles",0.2369092074182632,1.7382755663957847,3.0236980707272942
"B: fitted X$_c$($\phi$), F($\phi$), nanoparticles",0.24244620170823283,1.7399177430752577,3.0294629470975547
"B: fitted X$_c$($\phi$), F($\phi$), nanoparticles",0.24811260551377703,1.7415394638385682,3.0351632553866517
"B: fitted X$_c$($\phi$), F($\phi$), nanoparticles",0.25391144336803473,1.7431395256585505,3.0407946293446146
"B: fitted X$_c$($\phi$), F($\phi$), nanoparticles",0.2598458104929247,1.744716736290435,3.046352728054116
"B: fitted X$_c$($\phi$), F($\phi$), nanoparticles",0.2659188744512693,1.746269917195735,3.051833246852978
"B: fitted X$_c$($\phi$), F($\phi$), nanoparticles",0.2721338768375309,1.747797906526138,3.0572319285418743
"B: fitted X$_c$($\phi$), F($\phi$), nanoparticles",0.2784941350080644,1.749299562156745,3.062544574837167
"B: fitted X$_c$($\phi$), F($\phi$), nanoparticles",0.2850030438518108,1.7507737647570691,3.0677670580248115
"B: fitted X$_c$($\phi$), F($\phi$), nanoparticles",0.2916640776023707,1.7522194208872666,3.072895332767343
"B: fitted X$_c$($\phi$), F($\phi$), nanoparticles",0.2984807916924327,1.7536354661061617,3.0779254480119653
"B: fitted X$_c$($\phi$), F($\phi$), nanoparticles",0.30545682465154317,1.7550208680767452,3.0828535589440933
"B: fitted X$_c$($\phi$), F($\phi$), nanoparticles",0.3125959000482281,1.7563746296539913,3.0876759389270396
"B: fitted X$_c$($\phi$), F($\phi$), nanoparticles",0.31990182847750676,1.7576957919390628,3.0923889913652296
"B: fitted X$_c$($\phi$), F($\phi$), nanoparticles",0.3273785095948577,1.7589834372832553,3.0969892614252417
"B: fitted X$_c$($\phi$), F($\phi$), nanoparticles",0.335029934197723,1.7602366922244026,3.1014734475462244
"B: fitted X$_c$($\phi$), F($\phi$), nanoparticles",0.3428601863556587,1.7614547303379167,3.1058384126688767
"B: fitted X$_c$($\phi$), F($\phi$), nanoparticles",0.3508734455902715,1.762636774984209,3.110081195110289
"B: fitted X$_c$($\phi$), F($\phi$), nanoparticles",0.3590739891061055,1.763782101933904,3.1141990190104747
"B: fitted X$_c$($\phi$), F($\phi$), nanoparticles",0.36746619407366876,1.7648900418520757,3.1181893042755755
"B: fitted X$_c$($\phi$), F($\phi$), nanoparticles",0.37605453996581717,1.7659599826226873,3.1220496759424345
"B: fitted X$_c$($\phi$), F($\phi$), nanoparticles",0.3848436109487433,1.7669913714944978,3.125777972889515
"B: fitted X$_c$($\phi$), F($\phi$), nanoparticles",0.39383809832884886,1.7679837170299952,3.129372255820285
"B: fitted X$_c$($\phi$), F($\phi$), nanoparticles",0.40304280305680507,1.768936590839331,3.1328308144468413
"B: fitted X$_c$($\phi$), F($\phi$), nanoparticles",0.41246263829013524,1.7698496290818575,3.13615217380407
"B: fitted X$_c$($\phi$), F($\phi$), nanoparticles",0.42210263201569026,1.7707225337186812,3.139335099627933
"B: fitted X$_c$($\phi$), F($\phi$), nanoparticles",0.43196792973341736,1.7715550735006536,3.1423786027355174
"B: fitted X$_c$($\phi$), F($\phi$), nanoparticles",0.44206379720285294,1.7723470846774079,3.1452819423493277
"B: fitted X$_c$($\phi$), F($\phi$), nanoparticles",0.4523956232538053,1.7730984714144626,3.148044628313974
"B: fitted X$_c$($\phi$), F($\phi$), nanoparticles",0.46296892266272677,1.7738092059070087,3.1506664221598544
"B: fitted X$_c$($\phi$), F($\phi$), nanoparticles",0.4737893390963144,1.774479328180771,3.153147336975577
"B: fitted X$_c$($\phi$), F($\phi$), nanoparticles",0.4848626481239078,1.775108945572341,3.1554876360588517
"B: fitted X$_c$($\phi$), F($\phi$), nanoparticles",0.4961947603002903,1.7756982318834995,3.157687830324117
"B: fitted X$_c$($\phi$), F($\phi$), nanoparticles",0.5077917243205403,1.776247426206385,3.1597486744544074
"B: fitted X$_c$($\phi$), F($\phi$), nanoparticles",0.5196597302486198,1.7767568314188174,3.1616711617946933
"B: fitted X$_c$($\phi$), F($\phi$), nanoparticles",0.5318051128214197,1.777226812351684,3.163456517994162
"B: fitted X$_c$($\phi$), F($\phi$), nanoparticles",0.5442343548300266,1.7776577936329856,3.165106193415421
"B: fitted X$_c$($\phi$), F($\phi$), nanoparticles",0.5569540905800135,1.7780502572159234,3.1666218543395055
"B: fitted X$_c$($\phi$), F($\phi$), nanoparticles",0.5699711094326075,1.7784047396012224,3.1680053730064084
"B: fitted X$_c$($\phi$), F($\phi$), nanoparticles",0.5832923594286207,1.778721828766743,3.169258816541923
"B: fitted X$_c$($\phi$), F($\phi$), nanoparticles",0.596924950997074,1.779002160820255,3.170384434832334
"B: fitted X$_c$($\phi$), F($\phi$), nanoparticles",0.6108761607505039,1.7792464163940267,3.171384647419086
"B: fitted X$_c$($\phi$), F($\phi$), nanoparticles",0.6251534353689712,1.7794553168025675,3.1722620294956734
"B: fitted X$_c$($\phi$), F($\phi$), nanoparticles",0.639764395574843,1.7796296199874218,3.173019297098576
"B: fitted X$_c$($\phi$), F($\phi$), nanoparticles",0.6547168402004743,1.7797701162753072,3.1736592915929474
"B: fitted X$_c$($\phi$), F($\phi$), nanoparticles",0.670018750350959,1.7798776239780634,3.174184963561725
"B: fitted X$_c$($\phi$), F($\phi$), nanoparticles",0.6856782936641738,1.7799529848648215,3.1745993562138666
"B: fitted X$_c$($\phi$), F($\phi$), nanoparticles",0.701703828670383,1.7799970595384491,3.1749055884332718
"B: fitted X$_c$($\phi$), F($\phi$), nanoparticles",0.7181039092537357,1.7800107227496789,3.1751068375946483
"B: fitted X$_c$($\phi$), F($\phi$), nanoparticles",0.7348872892180388,1.7799948586832863,3.175206322275754
"B: fitted X$_c$($\phi$), F($\phi$), nanoparticles",0.7520629269592407,1.7799503562513186,3.1752072849973936
"B: fitted X$_c$($\phi$), F($\phi$), nanoparticles",0.7696399902471159,1.7798781044285754,3.175112975122828
"B: fitted X$_c$($\phi$), F($\phi$), nanoparticles",0.7876278611187063,1.779778987665336,3.174926632047025
"B: fitted X$_c$($\phi$), F($\phi$), nanoparticles",0.8060361408861344,1.779653881411699,3.174651468803361
"B: fitted X$_c$($\phi$), F($\phi$), nanoparticles",0.8248746552614581,1.7795036477868407,3.1742906562110336
"B: fitted X$_c$($\phi$), F($\phi$), nanoparticles",0.8441534596012984,1.7793291314250055,3.173847307680408
"B: fitted X$_c$($\phi$), F($\phi$), nanoparticles",0.8638828442740453,1.7791311555281333,3.1733244647861047
"B: fitted X$_c$($\phi$), F($\phi$), nanoparticles",0.8840733401525063,1.7789105181527325,3.1727250837087473
"B: fitted X$_c$($\phi$), F($\phi$), nanoparticles",0.9047357242349292,1.7786679887559333,3.172052022636078
"B: fitted X$_c$($\phi$), F($\phi$), nanoparticles",0.9258810253973954,1.778404305022625,3.171308030202731
"B: fitted X$_c$($\phi$), F($\phi$), nanoparticles",0.9475205302806547,1.7781201699923082,3.170495735035609
"B: fitted X$_c$($\phi$), F($\phi$), nanoparticles",0.969665789314552,1.7778162495007006,3.169617636458511
"B: fitted X$_c$($\phi$), F($\phi$), nanoparticles",0.9923286228832545,1.7774931699474095,3.1686760963957674
"B: fitted X$_c$($\phi$), F($\phi$), nanoparticles",1.0155211276345681,1.7771515163970915,3.1676733325003763
"B: fitted X$_c$($\phi$), F($\phi$), nanoparticles",1.0392556829367132,1.776791831017558,3.1666114125175415
"B: fitted X$_c$($\phi$), F($\phi$), nanoparticles",1.0635449574860112,1.7764146118543294,3.1654922498801437
"B: fitted X$_c$($\phi$), F($\phi$), nanoparticles",1.0884019160690066,1.7760203119372275,3.164317600518388
"B: fitted X$_c$($\phi$), F($\phi$), nanoparticles",1.1138398264826195,1.7756093387108214,3.163089060852272
"B: fitted X$_c$($\phi$), F($\phi$), nanoparticles",1.1398722666160526,1.7751820537769434,3.1618080669225215
"B: fitted X$_c$($\phi$), F($\phi$), nanoparticles",1.1665131316981963,1.774738772934164,3.160475894603717
"B: fitted X$_c$($\phi$), F($\phi$), nanoparticles",1.193776641714437,1.7742797664960712,3.159093660832448
"B: fitted X$_c$($\phi$), F($\phi$), nanoparticles",1.2216773489967918,1.7738052598675251,3.157662325773861
"B: fitted X$_c$($\phi$), F($\phi$), nanoparticles",1.250230145991456,1.7733154343557858,3.1561826958419097
"B: fitted X$_c$($\phi$), F($\phi$), nanoparticles",1.2794502732078734,1.7728104281915535,3.1546554274821363
"B: fitted X$_c$($\phi$), F($\phi$), nanoparticles",1.3093533273536109,1.7722903377335892,3.153081031621035
"B: fitted X$_c$($\phi$), F($\phi$), nanoparticles",1.3399552696593384,1.7717552188296417,3.151459878682923
"B: fitted X$_c$($\phi$), F($\phi$), nanoparticles",1.3712724343984009,1.7712050883059722,3.1497922040738318
"B: fitted X$_c$($\phi$), F($\phi$), nanoparticles",1.4033215376054846,1.770639925557781,3.1480781140322076
"B: fitted X$_c$($\phi$), F($\phi$), nanoparticles",1.4361196859990788,1.7700596742133001,3.1463175917480704
"B: fitted X$_c$($\phi$), F($\phi$), nanoparticles",1.469684386112446,1.7694642438452104,3.144510503655666
"B: fitted X$_c$($\phi$), F($\phi$), nanoparticles",1.5040335536380252,1.7688535117042927,3.1426566058093326
"B: fitted X$_c$($\phi$), F($\phi$), nanoparticles",1.5391855229902054,1.7682273244518465,3.1407555502582745
"B: fitted X$_c$($\phi$), F($\phi$), nanoparticles",1.5751590570916227,1.7675854998692924,3.1388068913428784
"B: fitted X$_c$($\phi$), F($\phi$), nanoparticles",1.6119733573881572,1.7669278285255134,3.136810091842958
"B: fitted X$_c$($\phi$), F($\phi$), nanoparticles",1.6496480740980206,1.7662540753847826,3.1347645289167105
"B: fitted X$_c$($\phi$), F($\phi$), nanoparticles",1.6882033167003627,1.765563981340562,3.13266949977796
"B: fitted X$_c$($\phi$), F($\phi$), nanoparticles",1.7276596646690363,1.7648572646629153,3.1305242270681775
"B: fitted X$_c$($\phi$), F($\phi$), nanoparticles",1.7680381784572086,1.7641336223497732,3.128327863888769
"B: fitted X$_c$($\phi$), F($\phi$), nanoparticles",1.8093604107387165,1.7633927313746902,3.1260794984677927
"B: fitted X$_c$($\phi$), F($\phi$), nanoparticles",1.8516484179121562,1.7626342498260674,3.1237781584436286
"B: fitted X$_c$($\phi$), F($\phi$), nanoparticles",1.8949247718738218,1.7618578179349806,3.1214228147559866
"B: fitted X$_c$($\phi$), F($\phi$), nanoparticles",1.939212572065831,1.7610630589907388,3.1190123851416445
"B: fitted X$_c$($\phi$), F($\phi$), nanoparticles",1.9845354578058032,1.760249580145102,3.1165457372389045
"B: fitted X$_c$($\phi$), F($\phi$), nanoparticles",2.0309176209047366,1.7594169731076057,3.1140216913100884
"B: fitted X$_c$($\phi$), F($\phi$), nanoparticles",2.0783838185797574,1.7585648147357986,3.111439022596315
"B: fitted X$_c$($\phi$), F($\phi$), nanoparticles",2.126959386668692,1.7576926675252242,3.1087964633224257
"B: fitted X$_c$($\phi$), F($\phi$), nanoparticles",2.176670253153459,1.7568000800048442,3.1060927043730313
"B: fitted X$_c$($\phi$), F($\phi$), nanoparticles",2.227542951999559,1.7558865870441691,3.10332639666267
"B: fitted X$_c$($\phi$), F($\phi$), nanoparticles",2.2796046373189798,1.7549517100787608,3.100496152224472
"B: fitted X$_c$($\phi$), F($\phi$), nanoparticles",2.3328830978641584,1.7539949572609446,3.0976005450423454
"B: fitted X$_c$($\phi$), F($\phi$), nanoparticles",2.387406771860647,1.753015823542579,3.094638111651735
"B: fitted X$_c$($\phi$), F($\phi$), nanoparticles",2.443204762186489,1.7520137906965911,3.091607351533457
"B: fitted X$_c$($\phi$), F($\phi$), nanoparticles",2.500306851906324,1.7509883272837112,3.0885067273241917
"B: fitted X$_c$($\phi$), F($\phi$), nanoparticles",2.5587435201685893,1.7499388885704976,3.0853346648659508
"B: fitted X$_c$($\phi$), F($\phi$), nanoparticles",2.618545958474233,1.7488649164042775,3.0820895531151686
"B: fitted X$_c$($\phi$), F($\phi$), nanoparticles",2.679746087325692,1.7477658390501676,3.078769743930489
"B: fitted X$_c$($\phi$), F($\phi$), nanoparticles",2.7423765732649494,1.7466410709948195,3.075373551756391
"B: fitted X$_c$($\phi$), F($\phi$), nanoparticles",2.8064708463098387,1.745490012720998,3.0718992532179774
"B: fitted X$_c$($\phi$), F($\phi$), nanoparticles",2.872063117797828,1.7443120504566112,3.068345086640478
"B: fitted X$_c$($\phi$), F($\phi$), nanoparticles",2.939188398646887,1.7431065559012884,3.064709251505177
"B: fitted X$_c$($\phi$), F($\phi$), nanoparticles",3.007882518043099,1.741872885933148,3.0609899078519334
"B: fitted X$_c$($\phi$), F($\phi$), nanoparticles",3.07818214256508,1.740610382297967,3.0571851756368744
"B: fitted X$_c$($\phi$), F($\phi$), nanoparticles",3.1501247957553278,1.739318371282564,3.0532931340525273
"B: fitted X$_c$($\phi$), F($\phi$), nanoparticles",3.2237488781490304,1.7379961633738614,3.0493118208164325
"B: fitted X$_c$($\phi$), F($\phi$), nanoparticles",3.299093687770939,1.7366430529047996,3.0452392314332317
"B: fitted X$_c$($\phi$), F($\phi$), nanoparticles",3.3761994411113405,1.7352583176879826,3.04107331843432
"B: fitted X$_c$($\phi$), F($\phi$), nanoparticles",3.455107294592218,1.7338412186377434,3.036811990598408
"B: fitted X$_c$($\phi$), F($\phi$), nanoparticles",3.5358593665351794,1.7323909993811013,3.0324531121556912
"B: fitted X$_c$($\phi$), F($\phi$), nanoparticles",3.6184987596427467,1.7309068858579368,3.027994501977818
"B: fitted X$_c$($\phi$), F($\phi$), nanoparticles",3.7030695840051413,1.729388085910591,3.0234339327554958
"B: fitted X$_c$($\phi$), F($\phi$), nanoparticles",3.7896169806447193,1.7278337888629658,3.0187691301651545
"B: fitted X$_c$($\phi$), F($\phi$), nanoparticles",3.878187145610724,1.7262431650891497,3.0139977720259585
"B: fitted X$_c$($\phi$), F($\phi$), nanoparticles",3.968827354637166,1.724615365571503,3.009117487448203
"B: fitted X$_c$($\phi$), F($\phi$), nanoparticles",4.061585988376979,1.7229495214480952,3.0041258559740665
"B: fitted X$_c$($\phi$), F($\phi$), nanoparticles",4.156512558225992,1.7212447435493448,2.9990204067115616
"B: fitted X$_c$($\phi$), F($\phi$), nanoparticles",4.253657732750387,1.7195001219236827,2.993798617462542
"B: fitted X$_c$($\phi$), F($\phi$), nanoparticles",4.353073364731892,1.717714725352021,2.9884579138455267
"B: fitted X$_c$($\phi$), F($\phi$), nanoparticles",4.454812518844989,1.7158876008508197,2.9829956684142487
"B: fitted X$_c$($\phi$), F($\phi$), nanoparticles",4.558929499981064,1.7140177731634771,2.977409199772642
"B: fitted X$_c$($\phi$), F($\phi$), nanoparticles",4.665479882234473,1.712104244239824,2.971695771687307
"B: fitted X$_c$($\phi$), F($\phi$), nanoparticles",4.774520538566131,1.710145992703421,2.965852592198258
"B: fitted X$_c$($\phi$), F($\phi$), nanoparticles",4.886109671160326,1.708141973306399,2.9598768127290302
"B: fitted X$_c$($\phi$), F($\phi$), nanoparticles",5.000306842491095,1.7060911163715544,2.9537655271972105
"B: fitted X$_c$($\phi$), F($\phi$), nanoparticles",5.117173007114604,1.703992327221394,2.947515771126503
"B: fitted X$_c$($\phi$), F($\phi$), nanoparticles",5.2367705442046555,1.7018444855938377,2.941124520761615
"B: fitted X$_c$($\phi$), F($\phi$), nanoparticles",5.359163290848515,1.699646445044265,2.9345886921872717
"B: fitted X$_c$($\phi$), F($\phi$), nanoparticles",5.484416576121021,1.6973970323335807,2.927905140452788
"B: fitted X$_c$($\phi$), F($\phi$), nanoparticles",5.612597255954972,1.6950950468019796,2.9210706587037367
"B: fitted X$_c$($\phi$), F($\phi$), nanoparticles",5.7437737488265865,1.6927392597280786,2.914081977322388
"B: fitted X$_c$($\phi$), F($\phi$), nanoparticles",5.878016072274912,1.6903284136730654,2.9069357630786614
"B: fitted X$_c$($\phi$), F($\phi$), nanoparticles",6.015395880274839,1.6878612218095201,2.8996286182935256
"B: fitted X$_c$($\phi$), F($\phi$), nanoparticles",6.155986501483508,1.6853363672345523,2.892157080016872
"B: fitted X$_c$($\phi$), F($\phi$), nanoparticles",6.299862978380694,1.6827525022668823,2.8845176192220756
"B: fitted X$_c$($\phi$), F($\phi$), nanoparticles",6.44710210732387,1.6801082477274938,2.876706640019561
"B: fitted X$_c$($\phi$), F($\phi$), nanoparticles",6.597782479539539,1.6774021922034774,2.8687204788919303
"B: fitted X$_c$($\phi$), F($\phi$), nanoparticles",6.751984523072502,1.6746328912946657,2.8605554039533234
"B: fitted X$_c$($\phi$), F($\phi$), nanoparticles",6.909790545715645,1.6717988668426604,2.8522076142358976
"B: fitted X$_c$($\phi$), F($\phi$), nanoparticles",7.071284778942996,1.668898606141843,2.843673239006526
"B: fitted X$_c$($\phi$), F($\phi$), nanoparticles",7.236553422869657,1.6659305611319442,2.834948337117011
"B: fitted X$_c$($\phi$), F($\phi$), nanoparticles",7.405684692262435,1.662893147571742,2.826028896391345
"B: fitted X$_c$($\phi$), F($\phi$), nanoparticles",7.57876886362593,1.659784744193447,2.8169108330537878
"B: fitted X$_c$($\phi$), F($\phi$), nanoparticles",7.755898323389002,1.6566036918373261,2.8075899912018
"B: fitted X$_c$($\phi$), F($\phi$), nanoparticles",7.937167617217551,1.653348292566098,2.7980621423281535
"B: fitted X$_c$($\phi$), F($\phi$), nanoparticles",8.12267350047972,1.6500168087586344,2.7883229848968014
"B: fitted X$_c$($\phi$), F($\phi$), nanoparticles",8.312514989890632,1.6466074621824753,2.778368143977434
"B: fitted X$_c$($\phi$), F($\phi$), nanoparticles",8.506793416364161,1.64311843304467,2.768193170943974
"B: fitted X$_c$($\phi$), F($\phi$), nanoparticles",8.705612479099866,1.6395478590204327,2.7577935432426117
"B: fitted X$_c$($\phi$), F($\phi$), nanoparticles",8.909078300934143,1.6358938342590983,2.7471646642353655
"B: fitted X$_c$($\phi$), F($\phi$), nanoparticles",9.11729948498492,1.632154408366844,2.736301863125538
"B: fitted X$_c$($\phi$), F($\phi$), nanoparticles",9.330387172620371,1.6283275853656345,2.7252003949719046
"B: fitted X$_c$($\phi$), F($\phi$), nanoparticles",9.548455102782293,1.6244113226278385,2.713855440798886
"B: fitted X$_c$($\phi$), F($\phi$), nanoparticles",9.77161967269618,1.6204035297859427,2.702262107810459
"B: fitted X$_c$($\phi$), F($\phi$), nanoparticles",10.0,1.6163020676167854,2.690415429716095
"B: fitted X$_c$($\phi$), F($\phi$), nanorods",0.01,1.194715255959623,1.4273863195756626
"B: fitted X$_c$($\phi$), F($\phi$), nanorods",0.010233717986325202,1.1965437213705303,1.431759761285871
"B: fitted X$_c$($\phi$), F($\phi$), nanorods",0.010472898382363585,1.1984103161653954,1.4362313093576096
"B: fitted X$_c$($\phi$), F($\phi$), nanorods",0.010717668854455034,1.2003157783130178,1.4408031634419927
"B: fitted X$_c$($\phi$), F($\phi$), nanorods",0.01096816005273138,1.2022608480791055,1.4454775489491412
"B: fitted X$_c$($\phi$), F($\phi$), nanorods",0.011224505680853071,1.204246268536214,1.450256718902482
"B: fitted X$_c$($\phi$), F($\phi$), nanorods",0.011486842567375536,1.2062727860020377,1.4551429556463678
"B: fitted X$_c$($\phi$), F($\phi$), nanorods",0.011755310738783699,1.2083411504050237,1.460138572403476
"B: fitted X$_c$($\phi$), F($\phi$), nanorods",0.012030053494233242,1.2104521155771664,1.4652459146804282
"B: fitted X$_c$($\phi$), F($\phi$), nanorods",0.012311217482038908,1.2126064394745808,1.470467361521718
"B: fitted X$_c$($\phi$), F($\phi$), nanorods",0.01259895277795027,1.2148048843270758,1.4758053266134352
"B: fitted X$_c$($\phi$), F($\phi$), nanorods",0.012893412965257157,1.2170482167184633,1.481262259239393
"B: fitted X$_c$($\phi$), F($\phi$), nanorods",0.01319475521676706,1.2193372075997084,1.486840645093095
"B: fitted X$_c$($\phi$), F($\phi$), nanorods",0.013503140378698736,1.2216726322372993,1.4925430069495413
"B: fitted X$_c$($\phi$), F($\phi$), nanorods",0.01381873305653632,1.2240552700993501,1.4983719052011184
"B: fitted X$_c$($\phi$), F($\phi$), nanorods",0.014141701702890239,1.2264859046820387,1.504329938261994
"B: fitted X$_c$($\phi$), F($\phi$), nanorods",0.014472218707411343,1.2289653232789113,1.5104197428451471
"B: fitted X$_c$($\phi$), F($\phi$), nanorods",0.014810460488806753,1.2314943166955183,1.5166439941159773
"B: fitted X$_c$($\phi$), F($\phi$), nanorods",0.015156607589006027,1.234073678911655,1.5230054057258442
"B: fitted X$_c$($\phi$), F($\phi$), nanorods",0.015510844769528406,1.236704206693286,1.5295067297283653
"B: fitted X$_c$($\phi$), F($\phi$), nanorods",0.015873361110102086,1.2393866991559817,1.5361507563805676
"B: fitted X$_c$($\phi$), F($\phi$), nanorods",0.01624435010958867,1.2421219572814297,1.5429403138302404
"B: fitted X$_c$($\phi$), F($\phi$), nanorods",0.01662400978926612,1.2449107833883104,1.5498782676900393
"B: fitted X$_c$($\phi$), F($\phi$), nanorods",0.01701254279852589,1.2477539805585447,1.5569675204980795
"B: fitted X$_c$($\phi$), F($\phi$), nanorods",0.017410156523040152,1.25065235201965,1.5642110110639205
"B: fitted X$_c$($\phi$), F($\phi$), nanorods",0.017817063195457308,1.2536067004836908,1.5716117136980763
"B: fitted X$_c$($\phi$), F($\phi$), nanorods",0.018233480008684404,1.2566178274430533,1.5791726373223796
"B: fitted X$_c$($\phi$), F($\phi$), nanorods",0.01865962923181746,1.2596865324230762,1.5868968244578232
"B: fitted X$_c$($\phi$), F($\phi$), nanorods",0.01909573832878097,1.2628136121913565,1.594787350085792
"B: fitted X$_c$($\phi$), F($\phi$), nanorods",0.019542040079740534,1.2659998599233897,1.6028473203779563
"B: fitted X$_c$($\phi$), F($\phi$), nanorods",0.01999877270535287,1.2692460643240604,1.611079871289526
"B: fitted X$_c$($\phi$), F($\phi$), nanorods",0.0204661799939199,1.2725530087043686,1.6194881670099635
"B: fitted X$_c$($\phi$), F($\phi$), nanorods",0.020944511431514688,1.2759214700127002,1.6280753982648286
"B: fitted X$_c$($\phi$), F($\phi$), nanorods",0.021434022335148566,1.2793522178198595,1.636844780461897
"B: fitted X$_c$($\phi$), F($\phi$), nanorods",0.021934973989050602,1.282846013257035,1.6457995516743147
"B: fitted X$_c$($\phi$), F($\phi$), nanorods",0.02244763378413224,1.2864036079058483,1.6549429704531995
"B: fitted X$_c$($\phi$), F($\phi$), nanorods",0.022972275360711513,1.2900257426396031,1.6642783134616959
"B: fitted X$_c$($\phi$), F($\phi$), nanorods",0.023509178754572868,1.2937131464148623,1.6738088729222382
"B: fitted X$_c$($\phi$), F($\phi$), nanorods",0.024058630546440668,1.2974665350124992,1.683537953868476
"B: fitted X$_c$($\phi$), F($\phi$), nanorods",0.024620924014946255,1.3012866097273916,1.6934688711930703
"B: fitted X$_c$($\phi$), F($\phi$), nanorods",0.025196359293170156,1.3051740560059766,1.703604946482367
"B: fitted X$_c$($\phi$), F($\phi$), nanorods",0.025785243528842736,1.3091295420309323,1.7139495046287332
"B: fitted X$_c$($\phi$), F($\phi$), nanorods",0.026387891048289345,1.313153717252326,1.724505870211233
"B: fitted X$_c$($\phi$), F($\phi$), nanorods",0.02700462352420682,1.3172472108646351,1.735277363635134
"B: fitted X$_c$($\phi$), F($\phi$), nanorods",0.027635770147361603,1.3214106302291488,1.7462672970206852
"B: fitted X$_c$($\phi$), F($\phi$), nanorods",0.028281667802300323,1.325644559241345,1.7574789698315278
"B: fitted X$_c$($\phi$), F($\phi$), nanorods",0.028942661247167517,1.3299495566429531,1.7689156642330672
"B: fitted X$_c$($\phi$), F($\phi$), nanorods",0.029619103297725533,1.3343261542785392,1.7805806401711715
"B: fitted X$_c$($\phi$), F($\phi$), nanorods",0.030311355015675792,1.3387748552965741,1.792477130161611
"B: fitted X$_c$($\phi$), F($\phi$), nanorods",0.03101978590138097,1.3432961322950958,1.80460833378075
"B: fitted X$_c$($\phi$), F($\phi$), nanorods",0.031744774091091936,1.3478904254122375,1.816977411848202
"B: fitted X$_c$($\phi$), F($\phi$), nanorods",0.032486706558783746,1.3525581403620592,1.8295874802923453
"B: fitted X$_c$($\phi$), F($\phi$), nanorods",0.03324597932270942,1.3572996464163094,1.842441603689892
"B: fitted X$_c$($\phi$), F($\phi$), nanorods",0.03402299765678068,1.362115274332928,1.8555427884710427
"B: fitted X$_c$($\phi$), F($\phi$), nanorods",0.03481817630688966,1.367005314232344,1.8688939757822385
"B: fitted X$_c$($\phi$), F($\phi$), nanorods",0.03563193971228584,1.3719700134228068,1.882498033998926
"B: fitted X$_c$($\phi$), F($\phi$), nanorods",0.03646472223212749,1.3770095741762713,1.8963577508814653
"B: fitted X$_c$($\phi$), F($\phi$), nanorods",0.03731696837732756,1.382124151456591,1.9104758253678926
"B: fitted X$_c$($\phi$), F($\phi$), nanorods",0.03818913304781854,1.3873138506020508,1.9248548589980996
"B: fitted X$_c$($\phi$), F($\phi$), nanorods",0.03908168177536264,1.3925787249645725,1.9394973469648384
"B: fitted X$_c$($\phi$), F($\phi$), nanorods",0.03999509097203665,1.3979187735082172,1.954405668788009
"B: fitted X$_c$($\phi$), F($\phi$), nanorods",0.04092984818452443,1.4033339383699417,1.9695820786097376
"B: fitted X$_c$($\phi$), F($\phi$), nanorods",0.041886452354352705,1.408824102385908,1.9850286951090956
"B: fitted X$_c$($\phi$), F($\phi$), nanorods",0.04286541408420925,1.4143890865869928,2.000747491036588
"B: fitted X$_c$($\phi$), F($\phi$), nanorods",0.04386725591048499,1.4200286476675261,2.016740282370131
"B: fitted X$_c$($\phi$), F($\phi$), nanorods",0.04489251258218608,1.425742475431683,2.0330087170958766
"B: fitted X$_c$($\phi$), F($\phi$), nanorods",0.04594173134636476,1.4315301902223463,2.049554263619043
"B: fitted X$_c$($\phi$), F($\phi$), nanorods",0.0470154722402213,1.4373913403376974,2.0663781988119063
"B: fitted X$_c$($\phi$), F($\phi$), nanorods",0.04811430839003259,1.4433253994412327,2.0834815957082413
"B: fitted X$_c$($\phi$), F($\phi$), nanorods",0.04923882631706741,1.449331763971338,2.100865310855758
"B: fitted X$_c$($\phi$), F($\phi$), nanorods",0.0503896262506515,1.4554097505570567,2.1185299713406254
"B: fitted X$_c$($\phi$), F($\phi$), nanorods",0.05156732244854963,1.4615585934471493,2.136475961500764
"B: fitted X$_c$($\phi$), F($\phi$), nanorods",0.05277254352483538,1.4677774419600393,2.1547034093474124
"B: fitted X$_c$($\phi$), F($\phi$), nanorods",0.05400593278542374,1.4740653579627623,2.1732121727175113
"B: fitted X$_c$($\phi$), F($\phi$), nanorods",0.055268148571446025,1.4804213133875397,2.1920018251825777
"B: fitted X$_c$($\phi$), F($\phi$), nanorods",0.05655986461065008,1.4868441877951406,2.211071641743144
"B: fitted X$_c$($\phi$), F($\phi$), nanorods",0.05788177037701274,1.4933327659947029,2.2304205843412928
"B: fitted X$_c$($\phi$), F($\phi$), nanorods",0.05923457145875806,1.4998857357302553,2.2500472872275883
"B: fitted X$_c$($\phi$), F($\phi$), nanorods",0.06061898993497573,1.506501685444683,2.2699500422224737
"B: fitted X$_c$($\phi$), F($\phi$), nanorods",0.06203576476104275,1.5131791021324557,2.290126783916282
"B: fitted X$_c$($\phi$), F($\phi$), nanorods",0.06348565216305217,1.5199163692929323,2.3105750748560974
"B: fitted X$_c$($\phi$), F($\phi$), nanorods",0.06496942604146125,1.5267117649966089,2.3312920907719774
"B: fitted X$_c$($\phi$), F($\phi$), nanorods",0.06648787838417262,1.5335634600771786,2.3522746058994493
"B: fitted X$_c$($\phi$), F($\phi$), nanorods",0.068041819689271,1.54046951646277,2.3735189784596264
"B: fitted X$_c$($\phi$), F($\phi$), nanorods",0.06963207939763882,1.5474278856602157,2.3950211363628435
"B: fitted X$_c$($\phi$), F($\phi$), nanorods",0.0712595063356841,1.5544364074066574,2.416776563206283
"B: fitted X$_c$($\phi$), F($\phi$), nanorods",0.07292496916841444,1.561492808503202,2.4387802846405986
"B: fitted X$_c$($\phi$), F($\phi$), nanorods",0.07462935686310136,1.5685947018457678,2.461026855185212
"B: fitted X$_c$($\phi$), F($\phi$), nanorods",0.07637357916378026,1.575739585668578,2.4835103455763354
"B: fitted X$_c$($\phi$), F($\phi$), nanorods",0.0781585670768409,1.5829248430160803,2.5062243307362766
"B: fitted X$_c$($\phi$), F($\phi$), nanorods",0.07998527336796708,1.5901477414593184,2.529161878456792
"B: fitted X$_c$($\phi$), F($\phi$), nanorods",0.08185467307069029,1.597405433072979,2.552315538893353
"B: fitted X$_c$($\phi$), F($\phi$), nanorods",0.08376776400682924,1.6046949546894524,2.575677334971018
"B: fitted X$_c$($\phi$), F($\phi$), nanorods",0.08572556731909325,1.6120132284463078,2.5992387538061044
"B: fitted X$_c$($\phi$), F($\phi$), nanorods",0.08772912801613356,1.6193570626435594,2.6229907392511245
"B: fitted X$_c$($\phi$), F($\phi$), nanorods",0.08977951553033323,1.6267231529269675,2.646923685673074
"B: fitted X$_c$($\phi$), F($\phi$), nanorods",0.09187782428863339,1.634108083813419,2.671027433077559
"B: fitted X$_c$($\phi$), F($\phi$), nanorods",0.09402517429670132,1.6415083305741112,2.695291263692915
"B: fitted X$_c$($\phi$), F($\phi$), nanorods",0.09622271173675134,1.6489202614908345,2.7197039001295913
"B: fitted X$_c$($\phi$), F($\phi$), nanorods",0.09847160957933775,1.6563401405000908,2.7442535052304557
"B: fitted X$_c$($\phi$), F($\phi$), nanorods",0.10077306820944618,1.6637641302391217,2.768927683727378
"B: fitted X$_c$($\phi$), F($\phi$), nanorods",0.10312831606721848,1.6711882955070902,2.7937134858181674
"B: fitted X$_c$($\phi$), F($\phi$), nanorods",0.1055386103036523,1.6786086071537238,2.8185974127759286
"B: fitted X$_c$($\phi$), F($\phi$), nanorods",0.10800523745162528,1.6860209464065945,2.843565424699703
"B: fitted X$_c$($\phi$), F($\phi$), nanorods",0.11052951411260221,1.69342110964697,2.868602950511167
"B: fitted X$_c$($\phi$), F($\phi$), nanorods",0.11311278765939213,1.7008048136427294,2.8936949002968637
"B: fitted X$_c$($\phi$), F($\phi$), nanorods",0.11575643695533036,1.7081677012452574,2.9188256800890104
"B: fitted X$_c$($\phi$), F($\phi$), nanorods",0.11846187309026836,1.7155053475554405,2.9439792091701427
"B: fitted X$_c$($\phi$), F($\phi$), nanorods",0.12123054013376529,1.7228132665619764,2.969138939977962
"B: fitted X$_c$($\phi$), F($\phi$), nanorods",0.12406391590588318,1.7300869182530627,2.9942878806763638
"B: fitted X$_c$($\phi$), F($\phi$), nanorods",0.12696351276599727,1.7373217162002539,3.019408620446956
"B: fitted X$_c$($\phi$), F($\phi$), nanorods",0.12993087842004158,1.7445130356107743,3.0444833575423207
"B: fitted X$_c$($\phi$), F($\phi$), nanorods",0.13296759674662126,1.7516562218419525,3.069493930127812
"B: fitted X$_c$($\phi$), F($\phi$), nanorods",0.1360752886424333,1.7587465993685976,3.0944218499228726
"B: fitted X$_c$($\phi$), F($\phi$), nanorods",0.13925561288744634,1.7657794811911598,3.1192483386356527
"B: fitted X$_c$($\phi$), F($\phi$), nanorods",0.14251026703029993,1.772750178669364,3.143954367166243
"B: fitted X$_c$($\phi$), F($\phi$), nanorods",0.14584098829439862,1.7796540117627324,3.1685206975341154
"B: fitted X$_c$($\phi$), F($\phi$), nanorods",0.1492495545051829,1.7864863196559624,3.1929279274644333
"B: fitted X$_c$($\phi$), F($\phi$), nanorods",0.1527377850390714,1.7932424717436082,3.2171565375459816
"B: fitted X$_c$($\phi$), F($\phi$), nanorods",0.15630754179458173,1.799917878944856,3.2411869408505263
"B: fitted X$_c$($\phi$), F($\phi$), nanorods",0.1599607301861488,1.8065080053154798,3.2649995348797733
"B: fitted X$_c$($\phi$), F($\phi$), nanorods",0.16369930016117018,1.8130083799202825,3.2885747556817804
"B: fitted X$_c$($\phi$), F($\phi$), nanorods",0.16752524724082155,1.8194146089255399,3.3118931339539532
"B: fitted X$_c$($\phi$), F($\phi$), nanorods",0.1714406135851972,1.825722387867159,3.3349353529248162
"B: fitted X$_c$($\phi$), F($\phi$), nanorods",0.17544748908334598,1.8319275140465288,3.357682307781926
"B: fitted X$_c$($\phi$), F($\phi$), nanorods",0.17954801246878302,1.838025899002333,3.3801151663885616
"B: fitted X$_c$($\phi$), F($\phi$), nanorods",0.18374437246107267,1.8440135810030527,3.402215431007958
"B: fitted X$_c$($\phi$), F($\phi$), nanorods",0.18803880893409167,1.8498867375014458,3.423965000730544
"B: fitted X$_c$($\phi$), F($\phi$), nanorods",0.192433614111598,1.8556416974890948,3.4453462342777246
"B: fitted X$_c$($\phi$), F($\phi$), nanorods",0.19693113379074217,1.8612749536861293,3.4663420128353053
"B: fitted X$_c$($\phi$), F($\phi$), nanorods",0.2015337685941733,1.8667831744985426,3.486935802550853
"B: fitted X$_c$($\phi$), F($\phi$), nanorods",0.20624397525140928,1.8721632156731949,3.507111716312939
"B: fitted X$_c$($\phi$), F($\phi$), nanorods",0.21106426791015548,1.877412131578634,3.526854574416113
"B: fitted X$_c$($\phi$), F($\phi$), nanorods",0.21599721947827172,1.8825271860383546,3.5461499637042615
"B: fitted X$_c$($\phi$), F($\phi$), nanorods",0.22104546299710218,1.887505862642101,3.564984294776969
"B: fitted X$_c$($\phi$), F($\phi$), nanorods",0.22621169304690264,1.8923458744603383,3.5833448568388477
"B: fitted X$_c$($\phi$), F($\phi$), nanorods",0.23149866718511608,1.8970451730871158,3.601219869770851
"B: fitted X$_c$($\phi$), F($\phi$), nanorods",0.2369092074182632,1.9016019569372982,3.61859853300563
"B: fitted X$_c$($\phi$), F($\phi$), nanorods",0.24244620170823283,1.90601467872553,3.6354710707961133
"B: fitted X$_c$($\phi$), F($\phi$), nanorods",0.24811260551377703,1.9102820520564343,3.6518287734780452
"B: fitted X$_c$($\phi$), F($\phi$), nanorods",0.25391144336803473,1.9144030570583896,3.667664034343109
"B: fitted X$_c$($\phi$), F($\phi$), nanorods",0.2598458104929247,1.9183769449968586,3.6829703817598025
"B: fitted X$_c$($\phi$), F($\phi$), nanorods",0.2659188744512693,1.9222032418076305,3.6977425062041496
"B: fitted X$_c$($\phi$), F($\phi$), nanorods",0.2721338768375309,1.9258817504955512,3.7119762818919764
"B: fitted X$_c$($\phi$), F($\phi$), nanorods",0.2784941350080644,1.9294125523502728,3.725668782738257
"B: fitted X$_c$($\phi$), F($\phi$), nanorods",0.2850030438518108,1.9327960069373287,3.738818292407195
"B: fitted X$_c$($\phi$), F($\phi$), nanorods",0.2916640776023707,1.9360327508303488,3.751424308258773
"B: fitted X$_c$($\phi$), F($\phi$), nanorods",0.2984807916924327,1.9391236950584783,3.763487539043226
"B: fitted X$_c$($\phi$), F($\phi$), nanorods",0.30545682465154317,1.942070021251972,3.7750098962439043
"B: fitted X$_c$($\phi$), F($\phi$), nanorods",0.3125959000482281,1.9448731764784775,3.785994479020748
"B: fitted X$_c$($\phi$), F($\phi$), nanorods",0.31990182847750676,1.9475348667726142,3.7964455527608125
"B: fitted X$_c$($\phi$), F($\phi$), nanorods",0.3273785095948577,1.9500570493719942,3.806368521298113
"B: fitted X$_c$($\phi$), F($\phi$), nanorods",0.335029934197723,1.952441923683752,3.815769892922025
"B: fitted X$_c$($\phi$), F($\phi$), nanorods",0.3428601863556587,1.9546919210168359,3.8246572403510206
"B: fitted X$_c$($\phi$), F($\phi$), nanorods",0.3508734455902715,1.9568096931266055,3.83303915490563
"B: fitted X$_c$($\phi$), F($\phi$), nanorods",0.3590739891061055,1.9587980996296135,3.8409251951708114
"B: fitted X$_c$($\phi$), F($\phi$), nanorods",0.36746619407366876,1.9606601943576307,3.848325830492445
"B: fitted X$_c$($\phi$), F($\phi$), nanorods",0.37605453996581717,1.9623992107308552,3.8552523797046057
"B: fitted X$_c$($\phi$), F($\phi$), nanorods",0.3848436109487433,1.964018546240737,3.8617169455332347
"B: fitted X$_c$($\phi$), F($\phi$), nanorods",0.39383809832884886,1.96552174614269,3.8677323451665893
"B: fitted X$_c$($\phi$), F($\phi$), nanorods",0.40304280305680507,1.966912486468101,3.873312037523144
"B: fitted X$_c$($\phi$), F($\phi$), nanorods",0.41246263829013524,1.9681945564732508,3.878470047782613
"B: fitted X$_c$($\phi$), F($\phi$), nanorods",0.42210263201569026,1.9693718406499046,3.8832208897747367
"B: fitted X$_c$($\phi$), F($\phi$), nanorods",0.43196792973341736,1.970448300428306,3.887579486843312
"B: fitted X$_c$($\phi$), F($\phi$), nanorods",0.44206379720285294,1.9714279557079082,3.8915610918186516
"B: fitted X$_c$($\phi$), F($\phi$), nanorods",0.4523956232538053,1.9723148663543673,3.8951812067404163
"B: fitted X$_c$($\phi$), F($\phi$), nanorods",0.46296892266272677,1.973113113802937,3.8984555029739147
"B: fitted X$_c$($\phi$), F($\phi$), nanorods",0.4737893390963144,1.973826782908416,3.9013997423566393
"B: fitted X$_c$($\phi$), F($\phi$), nanorods",0.4848626481239078,1.9744599441801043,3.904029699997758
"B: fitted X$_c$($\phi$), F($\phi$), nanorods",0.4961947603002903,1.975016636536851,3.9063610893318432
"B: fitted X$_c$($\phi$), F($\phi$), nanorods",0.5077917243205403,1.9755008507121603,3.9084094899992086
"B: fitted X$_c$($\phi$), F($\phi$), nanorods",0.5196597302486198,1.9759165134325325,3.910190279089379
"B: fitted X$_c$($\phi$), F($\phi$), nanorods",0.5318051128214197,1.9762674724838303,3.9117185662419196
"B: fitted X$_c$($\phi$), F($\phi$), nanorods",0.5442343548300266,1.9765574827704846,3.9130091330503034
"B: fitted X$_c$($\phi$), F($\phi$), nanorods",0.5569540905800135,1.9767901934610252,3.9140763771609475
"B: fitted X$_c$($\phi$), F($\phi$), nanorods",0.5699711094326075,1.9769691363007862,3.9149342614011085
"B: fitted X$_c$($\phi$), F($\phi$), nanorods",0.5832923594286207,1.9770977151589455,3.9155962682074676
"B: fitted X$_c$($\phi$), F($\phi$), nanorods",0.596924950997074,1.977179196862464,3.91607535956229
"B: fitted X$_c$($\phi$), F($\phi$), nanorods",0.6108761607505039,1.977216703354266,3.916383942577594
"B: fitted X$_c$($\phi$), F($\phi$), nanorods",0.6251534353689712,1.9772132051973477,3.91653384080026
"B: fitted X$_c$($\phi$), F($\phi$), nanorods",0.639764395574843,1.9771715164306893,3.9165362712439236
"B: fitted X$_c$($\phi$), F($\phi$), nanorods",0.6547168402004743,1.97709429076716,3.9164018270876753
"B: fitted X$_c$($\phi$), F($\phi$), nanorods",0.670018750350959,1.9769840191082773,3.916140465918166
"B: fitted X$_c$($\phi$), F($\phi$), nanorods",0.6856782936641738,1.9768430283359695,3.91576150333143
"B: fitted X$_c$($\phi$), F($\phi$), nanorods",0.701703828670383,1.9766734813277114,3.9152736116550866
"B: fitted X$_c$($\phi$), F($\phi$), nanorods",0.7181039092537357,1.9764773781286704,3.9146848235006186
"B: fitted X$_c$($\phi$), F($\phi$), nanorods",0.7348872892180388,1.9762565582031546,3.9140025398107054
"B: fitted X$_c$($\phi$), F($\phi$), nanorods",0.7520629269592407,1.9760127036777873,3.9132335420281668
"B: fitted X$_c$($\phi$), F($\phi$), nanorods",0.7696399902471159,1.9757473434806254,3.91238400798173
"B: fitted X$_c$($\phi$), F($\phi$), nanorods",0.7876278611187063,1.9754618582740204,3.911459531059881
"B: fitted X$_c$($\phi$), F($\phi$), nanorods",0.8060361408861344,1.975157486074441,3.910465142227666
"B: fitted X$_c$($\phi$), F($\phi$), nanorods",0.8248746552614581,1.9748353284497782,3.909405334432561
"B: fitted X$_c$($\phi$), F($\phi$), nanorods",0.8441534596012984,1.9744963571838345,3.908284088944276
"B: fitted X$_c$($\phi$), F($\phi$), nanorods",0.8638828442740453,1.9741414212986879,3.907104903179363
"B: fitted X$_c$($\phi$), F($\phi$), nanorods",0.8840733401525063,1.9737712543283639,3.9058708195743823
"B: fitted X$_c$($\phi$), F($\phi$), nanorods",0.9047357242349292,1.9733864817415598,3.904584455090414
"B: fitted X$_c$($\phi$), F($\phi$), nanorods",0.9258810253973954,1.972987628416955,3.90324803095652
"B: fitted X$_c$($\phi$), F($\phi$), nanorods",0.9475205302806547,1.972575126081649,3.9018634022892105
"B: fitted X$_c$($\phi$), F($\phi$), nanorods",0.969665789314552,1.9721493206313412,3.900432087258565
"B: fitted X$_c$($\phi$), F($\phi$), nanorods",0.9923286228832545,1.9717104792597324,3.8989552955081592
"B: fitted X$_c$($\phi$), F($\phi$), nanorods",1.0155211276345681,1.9712587973340923,3.8974339555746917
"B: fitted X$_c$($\phi$), F($\phi$), nanorods",1.0392556829367132,1.970794404963722,3.8958687410930666
"B: fitted X$_c$($\phi$), F($\phi$), nanorods",1.0635449574860112,1.9703173732179309,3.894260095612789
"B: fitted X$_c$($\phi$), F($\phi$), nanorods",1.0884019160690066,1.969827719959949,3.8926082558911044
"B: fitted X$_c$($\phi$), F($\phi$), nanorods",1.1138398264826195,1.9693254152726414,3.8909132735664294
"B: fitted X$_c$($\phi$), F($\phi$), nanorods",1.1398722666160526,1.9688103864608648,3.8891750351516228
"B: fitted X$_c$($\phi$), F($\phi$), nanorods",1.1665131316981963,1.9682825226236065,3.8873932803199724
"B: fitted X$_c$($\phi$), F($\phi$), nanorods",1.193776641714437,1.967741678796578,3.8855676184869004
"B: fitted X$_c$($\phi$), F($\phi$), nanorods",1.2216773489967918,1.9671876796725813,3.8836975437169476
"B: fitted X$_c$($\phi$), F($\phi$), nanorods",1.250230145991456,1.9666203229126829,3.8817824480083813
"B: fitted X$_c$($\phi$), F($\phi$), nanorods",1.2794502732078734,1.9660393820659638,3.8798216330266686
"B: fitted X$_c$($\phi$), F($\phi$), nanorods",1.3093533273536109,1.9654446091194093,3.8778143203730453
"B: fitted X$_c$($\phi$), F($\phi$), nanorods",1.3399552696593384,1.964835736702304,3.875759660485651
"B: fitted X$_c$($\phi$), F($\phi$), nanorods",1.3712724343984009,1.9642124799714566,3.873656740278328
"B: fitted X$_c$($\phi$), F($\phi$), nanorods",1.4033215376054846,1.9635745382046736,3.87150458962654
"B: fitted X$_c$($\phi$), F($\phi$), nanorods",1.4361196859990788,1.9629215961302837,3.8693021868113484
"B: fitted X$_c$($\phi$), F($\phi$), nanorods",1.469684386112446,1.962253325020219,3.8670484630311055
"B: fitted X$_c$($\phi$), F($\phi$), nanorods",1.5040335536380252,1.9615693835733627,3.8647423060873525
"B: fitted X$_c$($\phi$), F($\phi$), nanorods",1.5391855229902054,1.9608694186145934,3.8623825633462574
"B: fitted X$_c$($\phi$), F($\phi$), nanorods",1.5751590570916227,1.9601530656333692,3.8599680440706163
"B: fitted X$_c$($\phi$), F($\phi$), nanorods",1.6119733573881572,1.9594199491838633,3.857497521210072
"B: fitted X$_c$($\phi$), F($\phi$), nanorods",1.6496480740980206,1.9586696831666532,3.8549697327293027
"B: fitted X$_c$($\phi$), F($\phi$), nanorods",1.6882033167003627,1.957901871009937,3.8523833825457423
"B: fitted X$_c$($\phi$), F($\phi$), nanorods",1.7276596646690363,1.9571161057661572,3.8497371411401797
"B: fitted X$_c$($\phi$), F($\phi$), nanorods",1.7680381784572086,1.9563119701379295,3.847029645895636
"B: fitted X$_c$($\phi$), F($\phi$), nanorods",1.8093604107387165,1.955489036445245,3.8442595012123055
"B: fitted X$_c$($\phi$), F($\phi$), nanorods",1.8516484179121562,1.9546468665441497,3.8414252784393192
"B: fitted X$_c$($\phi$), F($\phi$), nanorods",1.8949247718738218,1.953785011705465,3.838525515657647
"B: fitted X$_c$($\phi$), F($\phi$), nanorods",1.939212572065831,1.9529030124606788,3.835558717342687
"B: fitted X$_c$($\phi$), F($\phi$), nanorods",1.9845354578058032,1.9520003984208143,3.832523353929965
"B: fitted X$_c$($\phi$), F($\phi$), nanorods",2.0309176209047366,1.9510766880730008,3.829417861303024
"B: fitted X$_c$($\phi$), F($\phi$), nanorods",2.0783838185797574,1.9501313885584932,3.8262406402187397
"B: fitted X$_c$($\phi$), F($\phi$), nanorods",2.126959386668692,1.9491639954350803,3.822990055682148
"B: fitted X$_c$($\phi$), F($\phi$), nanorods",2.176670253153459,1.948173992426162,3.8196644362802465
"B: fitted X$_c$($\phi$), F($\phi$), nanorods",2.227542951999559,1.9471608511582197,3.8162620734820787
"B: fitted X$_c$($\phi$), F($\phi$), nanorods",2.2796046373189798,1.9461240308879597,3.8127812209106517
"B: fitted X$_c$($\phi$), F($\phi$), nanorods",2.3328830978641584,1.9450629782200568,3.8092200935908873
"B: fitted X$_c$($\phi$), F($\phi$), nanorods",2.387406771860647,1.94397712681615,3.805576867176739
"B: fitted X$_c$($\phi$), F($\phi$), nanorods",2.443204762186489,1.9428658970955206,3.8018496771597317
"B: fitted X$_c$($\phi$), F($\phi$), nanorods",2.500306851906324,1.9417286959277242,3.7980366180606344
"B: fitted X$_c$($\phi$), F($\phi$), nanorods",2.5587435201685893,1.9405649163173142,3.7941357426054227
"B: fitted X$_c$($\phi$), F($\phi$), nanorods",2.618545958474233,1.93937393708071,3.790145060886402
"B: fitted X$_c$($\phi$), F($\phi$), nanorods",2.679746087325692,1.9381551225151827,3.7860625395091225
"B: fitted X$_c$($\phi$), F($\phi$), nanorods",2.7423765732649494,1.9369078220598959,3.7818861007255022
"B: fitted X$_c$($\phi$), F($\phi$), nanorods",2.8064708463098387,1.9356313699488747,3.7776136215535048
"B: fitted X$_c$($\phi$), F($\phi$), nanorods",2.872063117797828,1.9343250848557836,3.773242932883629
"B: fitted X$_c$($\phi$), F($\phi$), nanorods",2.939188398646887,1.9329882695303373,3.768771818572411
"B: fitted X$_c$($\phi$), F($\phi$), nanorods",3.007882518043099,1.9316202104261873,3.764198014523171
"B: fitted X$_c$($\phi$), F($\phi$), nanorods",3.07818214256508,1.9302201773200793,3.7595192077541415
"B: fitted X$_c$($\phi$), F($\phi$), nanorods",3.1501247957553278,1.9287874229221056,3.7547330354542265
"B: fitted X$_c$($\phi$), F($\phi$), nanorods",3.2237488781490304,1.9273211824768364,3.7498370840265896
"B: fitted X$_c$($\phi$), F($\phi$), nanorods",3.299093687770939,1.9258206733551262,3.7448288881202956
"B: fitted X$_c$($\phi$), F($\phi$), nanorods",3.3761994411113405,1.924285094636373,3.739705929650279
"B: fitted X$_c$($\phi$), F($\phi$), nanorods",3.455107294592218,1.9227136266810188,3.7344656368059597
"B: fitted X$_c$($\phi$), F($\phi$), nanorods",3.5358593665351794,1.9211054306930537,3.729105383048801
"B: fitted X$_c$($\phi$), F($\phi$), nanorods",3.6184987596427467,1.9194596482722952,3.7236224860991984
"B: fitted X$_c$($\phi$), F($\phi$), nanorods",3.7030695840051413,1.9177754009562062,3.718014206913131
"B: fitted X$_c$($\phi$), F($\phi$), nanorods",3.7896169806447193,1.9160517897509979,3.7122777486489804
"B: fitted X$_c$($\phi$), F($\phi$), nanorods",3.878187145610724,1.9142878946517805,3.7064102556250926
"B: fitted X$_c$($\phi$), F($\phi$), nanorods",3.968827354637166,1.9124827741514954,3.70040881226857
"B: fitted X$_c$($\phi$), F($\phi$), nanorods",4.061585988376979,1.9106354647383703,3.694270442055966
"B: fitted X$_c$($\phi$), F($\phi$), nanorods",4.156512558225992,1.9087449803816294,3.6879921064465
"B: fitted X$_c$($\phi$), F($\phi$), nanorods",4.253657732750387,1.9068103120051854,3.681570703808566
"B: fitted X$_c$($\phi$), F($\phi$), nanorods",4.353073364731892,1.9048304269490257,3.6750030683403097
"B: fitted X$_c$($\phi$), F($\phi$), nanorods",4.454812518844989,1.9028042684180186,3.6682859689851592
"B: fitted X$_c$($\phi$), F($\phi$), nanorods",4.558929499981064,1.900730754917827,3.6614161083432286
"B: fitted X$_c$($\phi$), F($\phi$), nanorods",4.665479882234473,1.8986087796776472,3.654390121579669
"B: fitted X$_c$($\phi$), F($\phi$), nanorods",4.774520538566131,1.8964372100594502,3.6472045753310214
"B: fitted X$_c$($\phi$), F($\phi$), nanorods",4.886109671160326,1.894214886953421,3.6398559666108294
"B: fitted X$_c$($\phi$), F($\phi$), nanorods",5.000306842491095,1.8919406241592605,3.6323407217157495
"B: fitted X$_c$($\phi$), F($\phi$), nanorods",5.117173007114604,1.889613207753038,3.624655195133654
"B: fitted X$_c$($\phi$), F($\phi$), nanorods",5.2367705442046555,1.8872313954392348,3.616795668455123
"B: fitted X$_c$($\phi$), F($\phi$), nanorods",5.359163290848515,1.8847939158876537,3.608758349290086
"B: fitted X$_c$($\phi$), F($\phi$), nanorods",5.484416576121021,1.8822994680548215,3.600539370191255
"B: fitted X$_c$($\phi$), F($\phi$), nanorods",5.612597255954972,1.879746720489541,3.59213478758633
"B: fitted X$_c$($\phi$), F($\phi$), nanorods",5.7437737488265865,1.8771343106222054,3.583540580720947
"B: fitted X$_c$($\phi$), F($\phi$), nanorods",5.878016072274912,1.8744608440375046,3.574752650614582
"B: fitted X$_c$($\phi$), F($\phi$), nanorods",6.015395880274839,1.8717248937301354,3.565766819031766
"B: fitted X$_c$($\phi$), F($\phi$), nanorods",6.155986501483508,1.868924999343114,3.556578827471077
"B: fitted X$_c$($\phi$), F($\phi$), nanorods",6.299862978380694,1.866059666388287,3.5471843361746656
"B: fitted X$_c$($\phi$), F($\phi$), nanorods",6.44710210732387,1.8631273654486242,3.5375789231611665
"B: fitted X$_c$($\phi$), F($\phi$), nanorods",6.597782479539539,1.8601265313618696,3.5277580832850903
"B: fitted X$_c$($\phi$), F($\phi$), nanorods",6.751984523072502,1.85705556238511,3.517717227326051
"B: fitted X$_c$($\phi$), F($\phi$), nanorods",6.909790545715645,1.853912819339819,3.50745168111132
"B: fitted X$_c$($\phi$), F($\phi$), nanorods",7.071284778942996,1.8506966247369194,3.496956684675545
"B: fitted X$_c$($\phi$), F($\phi$), nanorods",7.236553422869657,1.8474052618813983,3.4862273914616977
"B: fitted X$_c$($\phi$), F($\phi$), nanorods",7.405684692262435,1.8440369739559912,3.4752588675675526
"B: fitted X$_c$($\phi$), F($\phi$), nanorods",7.57876886362593,1.8405899630834552,3.464046091042389
"B: fitted X$_c$($\phi$), F($\phi$), nanorods",7.755898323389002,1.8370623893669218,3.452583951238835
"B: fitted X$_c$($\phi$), F($\phi$), nanorods",7.937167617217551,1.833452369907824,3.4408672482251945
"B: fitted X$_c$($\phi$), F($\phi$), nanorods",8.12267350047972,1.8297579778008692,3.4288906922638733
"B: fitted X$_c$($\phi$), F($\phi$), nanorods",8.312514989890632,1.8259772411055213,3.416648903361987
"B: fitted X$_c$($\phi$), F($\phi$), nanorods",8.506793416364161,1.8221081417934468,3.404136410900588
"B: fitted X$_c$($\phi$), F($\phi$), nanorods",8.705612479099866,1.8181486146713615,3.3913476533494147
"B: fitted X$_c$($\phi$), F($\phi$), nanorods",8.909078300934143,1.8140965462786984,3.3782769780745068
"B: fitted X$_c$($\phi$), F($\phi$), nanorods",9.11729948498492,1.8099497737595172,3.3649186412465437
"B: fitted X$_c$($\phi$), F($\phi$), nanorods",9.330387172620371,1.8057060837080425,3.351266807858288
"B: fitted X$_c$($\phi$), F($\phi$), nanorods",9.548455102782293,1.8013632109872262,3.337315551860066
"B: fitted X$_c$($\phi$), F($\phi$), nanorods",9.77161967269618,1.796918837519692,3.3230588564228243
"B: fitted X$_c$($\phi$), F($\phi$), nanorods",10.0,1.7923705910504273,3.3084906143389494
