diameter_nm,shell_nm,interphase_pct
5.0,2.0,21.33254588570333
5.101202291614687,2.0,20.737281435260936
5.2044529639949655,2.0,20.15946743326306
5.3097934773063935,2.0,19.59864478644799
5.417266130887197,2.0,19.054358422956405
5.526914080233679,2.0,18.526158176386684
5.638781354329082,2.0,18.01359955967755
5.752912873323536,2.0,17.516244437786305
5.869354466571508,2.0,17.03366160762277
5.988152891034696,2.0,16.565427293182562
6.109355850057036,2.0,16.111125563330038
6.23301201252011,2.0,15.670348679188347
6.3591710323858655,2.0,15.242697377630185
6.4878835686353025,2.0,14.827781096903816
6.619201305610309,2.0,14.425218150001742
6.753176973767647,2.0,14.03463585096063
6.889864370852584,2.0,13.655670598894387
7.0293183835015185,2.0,13.287967924185907
7.1715950092814085,2.0,12.931182500917918
7.316751379175756,2.0,12.584978129288901
7.464845780525227,2.0,12.249027691456405
7.615937680433104,2.0,11.923013083955697
7.770087749643967,2.0,11.606625129576472
7.9273578869062025,2.0,11.299563471324424
8.087811243827103,2.0,11.001536450865009
8.25151225023157,2.0,10.712260973624746
8.418526640033557,2.0,10.431462362529466
8.588921477631695,2.0,10.158874202167805
8.762765184838644,2.0,9.894238175001057
8.94012756835606,2.0,9.637303891078078
9.121079847805078,2.0,9.387828712571821
9.30569468432476,2.0,9.145577574316563
9.494046209748777,2.0,8.910322801405494
9.68621005637324,2.0,8.681843924791819
9.88226338732648,2.0,8.459927495737118
10.08228492755391,2.0,8.244366899853311
10.286354995430026,2.0,8.034962171400153
10.494555535009944,2.0,7.8315198084218
10.706970148934042,2.0,7.633852589233629
10.923684131998456,2.0,7.441779390706318
11.144784505405081,2.0,7.255125008735395
11.370360051704829,2.0,7.073719981230591
11.60050135044813,2.0,6.897400413911574
11.83530081455703,2.0,6.726007809152786
12.074852727433475,2.0,6.559388898081013
12.319253280818675,2.0,6.397395476093605
12.568600613418768,2.0,6.239884241934135
12.822994850312291,2.0,6.0867166404329485
13.082538143155253,2.0,5.9377587089955846
13.347334711199998,2.0,5.792880927898548
13.61749088314431,2.0,5.651958074431965
13.893115139827545,2.0,5.514869080911146
14.174318157790996,2.0,5.381496896562239
14.46121285371979,2.0,5.251728353274561
14.753914429784604,2.0,5.125454035198285
15.052540419900813,2.0,5.002568152157262
15.357210736924115,2.0,4.88296841683568
15.668047720801365,2.0,4.766555925690605
15.985176187696007,2.0,4.653235043534795
16.308723480107844,2.0,4.542913291728359
16.638819518007246,2.0,4.4355012399132745
16.975596851004315,2.0,4.330912401220291
17.31919071157402,2.0,4.229063130874444
17.669739069358602,2.0,4.129872528122829
18.027382686569098,2.0,4.033262341406152
18.392265174508207,2.0,3.93915687669393
18.76453305123722,2.0,3.8474829089020286
19.144335800410126,2.0,3.758169596310975
19.531825931298606,2.0,3.6711483979025377
19.927159040031885,2.0,3.5863529935326435
20.330493872076154,2.0,3.5037192068587713
20.741992385978605,2.0,3.4231849309403892
21.16181981840165,2.0,3.3446900564320585
21.590144750473474,2.0,3.2681764022897077
22.027139175481572,2.0,3.193587648911423
22.47297856793641,2.0,3.1208692736358095
22.927841954032942,2.0,3.0499684885221265
23.391911983538396,2.0,2.980834180337673
23.865375003134975,2.0,2.913416852680069
24.348421131247154,2.0,2.847668570162823
24.84124433438344,2.0,2.7835429045952083
25.34404250502338,2.0,2.72099488308833
25.85701754108101,2.0,2.659980938021641
26.38037542697667,2.0,2.6004588588054283
26.91432631634978,2.0,2.5423877453770394
27.459084616445796,2.0,2.4857279633699094
28.014869074210864,2.0,2.4304411008965756
28.58190286412998,2.0,2.3764899268883894
29.160413677841586,2.0,2.3238383509365916
29.750633815567493,2.0,2.2724513845808456
30.352800279392397,2.0,2.2222951039933077
30.967154868431823,2.0,2.173336614007804
31.593944275926205,2.0,2.12554401344538
32.23342018830022,2.0,2.0788863616890323
32.88583938622718,2.0,2.0333336464621787
33.551463847738866,2.0,1.9888567527667493
34.23056085342249,2.0,1.945427432938409
34.92340309374689,2.0,1.9030182777777742
35.630268778560946,2.0,1.8616026887182335
36.3514417488084,2.0,1.8211548509917674
37.08721159050376,2.0,1.7816497077562863
37.83787375101524,2.0,1.7430629351485416
38.60372965770115,2.0,1.705370918228572
39.38508683894772,2.0,1.6685507277824991
40.18225904765663,2.0,1.6325800979518443
40.99556638723212,2.0,1.5974374046586297
41.82533544011802,2.0,1.5631016447967538
42.671899398936525,2.0,1.529552416161069
43.535598200281186,2.0,1.4967698980867317
44.41677866121803,2.0,1.4647348327725007
45.31579461854946,2.0,1.4334285072623993
46.23300707089691,2.0,1.4028327360613622
47.168784323659374,2.0,1.3729298443611841
48.12350213690593,2.0,1.3437026518542872
49.09754387626167,2.0,1.315134457113133
50.09130066684763,2.0,1.2872090225146036
51.105171550336685,2.0,1.2599105596889442
52.139563645187636,2.0,1.233223715473889
53.194892310124196,2.0,1.2071335583550757
54.27158131092019,2.0,1.1816255653750989
55.37006299056378,2.0,1.1566856094934945
56.490778442862485,2.0,1.1322999473812239
57.63417768956553,2.0,1.1084552076335408
58.80071986106771,2.0,1.0851383793858216
59.99087338077437,2.0,1.0623368013176353
61.205116153194425,2.0,1.0400381510305294
62.443935755843576,2.0,1.0182304347861577
63.70782963502979,2.0,0.9969019775911864
64.99730530560228,2.0,0.9760414136166833
66.31288055474342,2.0,0.9556376769392759
67.6550836498855,2.0,0.9356799925929231
69.02445355083572,2.0,0.9161578679194343
70.42154012619478,2.0,0.8970610842073568
71.84690437415595,2.0,0.8783796886083794
73.30111864777298,2.0,0.8601039863215065
74.78476688478777,2.0,0.842224533035108
76.29844484210975,2.0,0.8247321276177666
77.84276033504126,2.0,0.8076178050487021
79.4183334813449,2.0,0.7908728295794415
81.02579695025105,2.0,0.7744886881182234
82.66579621650523,2.0,0.7584570838293836
84.33898981955767,2.0,0.7427699299398554
86.0460496279989,2.0,0.7274193437455584
87.78766110934764,2.0,0.7123976408104932
89.56452360529937,2.0,0.6976973293517935
91.37735061254598,2.0,0.6833111048040785
93.22687006927947,2.0,0.6692318445568834
95.11382464749443,2.0,0.6554526028589669
97.03897205120703,2.0,0.6419666058837675
99.00308532070997,2.0,0.6287672469503042
101.00695314298582,2.0,0.6158480818940454
103.05138016840333,2.0,0.6032028245826965
105.13718733382264,2.0,0.5908253425716936
107.26521219224374,2.0,0.5787096528946484
109.43630924912144,2.0,0.5668499179841441
111.65135030549438,2.0,0.5552404417183066
113.91122480805195,2.0,0.5438756655888144
116.2168402062941,2.0,0.532750164986362
118.56912231691284,2.0,0.5218586455993246
120.96901569555533,2.0,0.5111959399220084
123.41748401610774,2.0,0.5007570038685821
125.91551045765729,2.0,0.49053691348924233
128.46409809928664,2.0,0.4805308617850679
131.06427032285873,2.0,0.4707341556183575
133.7170712239545,2.0,0.4611422127151388
136.42356603112793,2.0,0.45175055875685266
139.1848415336472,2.0,0.44255482455816614
142.00200651789334,2.0,0.4335507433281071
144.87619221259197,2.0,0.4247341480118211
147.80855274305648,2.0,0.4161009687100919
150.80026559462573,2.0,0.40764723017429616
153.85253208548133,2.0,0.39936904937421575
156.96657784903562,2.0,0.3912626331362434
160.14365332608278,2.0,0.38332427584986895
163.385034266912,2.0,0.37555035724011754
166.69202224358276,2.0,0.3679373402037661
170.06594517256983,2.0,0.36048176870741855
173.50815784798584,2.0,0.3531802657453198
177.0200424855973,2.0,0.3460295313550421
180.60300927785127,2.0,0.33902634068928184
184.2584969601363,2.0,0.33216754214176303
187.98797338850466,2.0,0.3254500555258133
191.79293612908776,2.0,0.318870870303703
195.674913059442,2.0,0.31242704386528153
199.63546298206603,2.0,0.3061156998543607
203.67617625033404,2.0,0.2999340265413047
207.79867540710418,2.0,0.2938792752403402
212.0046158362424,2.0,0.28794875877039383
216.29568642734625,2.0,0.2821398499578659
220.67361025390917,2.0,0.2764499801802417
225.14014526522556,2.0,0.27087663794911787
229.69708499228554,2.0,0.2654173675316096
234.3462592679721,2.0,0.26006976760883094
239.08953496182127,2.0,0.25483148997038296
243.92881672966604,2.0,0.24970023824376353
248.86604777844576,2.0,0.24467376665761206
253.90321064649902,2.0,0.23974987883780885
259.042327999649,2.0,0.23492642663537344
264.2854634434021,2.0,0.23020130898535107
269.6347223515858,2.0,0.22557247079557863
275.0922527117594,2.0,0.22103790186465574
280.66024598773413,2.0,0.21659563582803465
286.3409379995537,2.0,0.2122437491316059
292.1366098212839,2.0,0.20798036003180032
298.04958869697515,2.0,0.2038036276215832
304.0822489751643,2.0,0.19971175088153045
310.2370130622906,2.0,0.1957029677550992
316.51635239540985,2.0,0.19177555424778778
322.92278843459667,2.0,0.1879278235490145
329.4588936754332,2.0,0.1841581251764296
336.12729268199115,2.0,0.18046484414187047
342.9306631407221,2.0,0.1768464001383896
349.8717369356785,2.0,0.1733012467475964
356.95330124549815,2.0,0.16982787066710192
364.1781996625918,2.0,0.1664247909570432
371.54933333498417,2.0,0.1630905583055292
379.06966213126526,2.0,0.15982375431231208
386.7422058291224,2.0,0.15662299079009345
394.57004532792683,2.0,0.15348690908324356
402.5563238858663,2.0,0.15041417940310106
410.70424838211136,2.0,0.147403500179768
419.01709060454283,2.0,0.14445359742959904
427.49818856352084,2.0,0.1415632241382375
436.15094783227204,2.0,0.13873115965855387
444.978842914379,2.0,0.13595620912328743
453.9854186389764,2.0,0.1332372028717893
463.174291584158,2.0,0.13057299589064542
472.54915152922325,2.0,0.12796246726773652
482.113762936289,2.0,0.1254045196593767
491.87196646191444,2.0,0.12289807877015058
501.82768049930604,2.0,0.12044209284523821
511.9849027517486,2.0,0.11803553217477447
522.3477118378676,2.0,0.11567738860986276
532.9202689294025,2.0,0.11336667509020126
543.7068194221156,2.0,0.11110242518274137
554.7116946405247,2.0,0.1088836926311676
565.9393135771411,2.0,0.10670955091609312
577.3941846669098,2.0,0.10457909282537037
589.0809075975657,2.0,0.10249143003454753
601.0041751566312,2.0,0.10044569269707093
613.1687751157991,2.0,0.09844102904396912
625.5795921534558,2.0,0.09647660499285005
638.2416098161167,2.0,0.09455160376590555
651.159912519563,2.0,0.09266522551675427
664.3396875904814,2.0,0.09081668696584888
677.7862273494284,2.0,0.08900522104424713
691.5049312359541,2.0,0.08723007654553583
705.5013079767398,2.0,0.08549051778572847
719.7809777976208,2.0,0.08378582427090442
734.3496746803737,2.0,0.0821152903723893
749.2132486652044,2.0,0.08047822500930779
764.377668199802,2.0,0.07887395133835072
779.8490225359842,2.0,0.07730180645053486
795.633524174804,2.0,0.07576114107479714
811.7375113611961,2.0,0.07425131928824436
828.1674506290639,2.0,0.07277171823294182
844.9299393979348,2.0,0.07132172783900936
862.0317086221172,2.0,0.06990075055394007
879.4796254935338,2.0,0.06850820107796252
897.2806961992046,2.0,0.06714350610522501
915.442068734601,2.0,0.06580610407085463
933.9710357738834,2.0,0.06449544490354286
952.8750375982954,2.0,0.06321098978359474
972.1616650837673,2.0,0.06195221090642022
991.8386627490527,2.0,0.06071859125115153
1011.9139318655008,2.0,0.05950962435437579
1032.3955336298222,2.0,0.05832481408891976
1053.2916924010412,2.0,0.057163674447349155
1074.6107990029786,2.0,0.05602572933034066
1096.3614140935745,2.0,0.05491051233964206
1118.55227160241,2.0,0.05381756657547254
1141.1922822378033,2.0,0.05274644443850063
1164.290537064893,2.0,0.05169670743595644
1187.856311156143,2.0,0.050667925992110556
1211.8990673157346,2.0,0.04965967926273962
1236.4284598793429,2.0,0.04867155495371589
1261.454338590822,2.0,0.047703149143435986
1286.9867525573557,2.0,0.04675406610913091
1313.0359542846627,2.0,0.04582391815689923
1339.612403793877,2.0,0.04491232545542123
1366.7267728217541,2.0,0.04401891587323791
1394.3899491058928,2.0,0.04314332481953175
1422.6130407566907,2.0,0.04228519508826134
1451.4073807177938,2.0,0.041444176705766056
1480.78453131681,2.0,0.040619926781482185
1510.7562889081785,2.0,0.03981210936191803
1541.334688609934,2.0,0.03902039528778267
1572.5320091364408,2.0,0.03824446205406784
1604.3607777288455,2.0,0.037483993673146365
1636.833775185422,2.0,0.03673868054082374
1669.964040993632,2.0,0.036008219305131976
1703.7648785661677,2.0,0.03529231273803445
1738.2498605828637,2.0,0.03459066960970425
1773.432834440843,2.0,0.03390300456556583
1809.3279278148643,2.0,0.03322903800591026
1845.9495543303278,2.0,0.03256849596798894
1883.3124193509882,2.0,0.03192111001070197
1921.4315258839322,2.0,0.03128661710160685
1960.3221806039562,2.0,0.0306647595063636
2000.0,2.0,0.030055284680500224
5.0,5.0,70.82169269109347
5.101202291614687,5.0,69.43823548492529
5.2044529639949655,5.0,68.04396387266823
5.3097934773063935,5.0,66.64200575705276
5.417266130887197,5.0,65.23536964144633
5.526914080233679,5.0,63.826931082405714
5.638781354329082,5.0,62.41942191328509
5.752912873323536,5.0,61.015422050117394
5.869354466571508,5.0,59.61735367258214
5.988152891034696,5.0,58.22747756195822
6.109355850057036,5.0,56.84789137348325
6.23301201252011,5.0,55.480529621346065
6.3591710323858655,5.0,54.12716515968864
6.4878835686353025,5.0,52.7894119514843
6.619201305610309,5.0,51.468728928237596
6.753176973767647,5.0,50.16642475631562
6.889864370852584,5.0,48.883663339815996
7.0293183835015185,5.0,47.62146990460602
7.1715950092814085,5.0,46.38073752316033
7.316751379175756,5.0,45.16223395466141
7.464845780525227,5.0,43.96660868929731
7.615937680433104,5.0,42.794400099513346
7.770087749643967,5.0,41.646042614065614
7.9273578869062025,5.0,40.52187384290656
8.087811243827103,5.0,39.422141592211716
8.25151225023157,5.0,38.34701071913329
8.418526640033557,5.0,37.29656978519977
8.588921477631695,5.0,36.27083747562773
8.762765184838644,5.0,35.26976875926031
8.94012756835606,5.0,34.29326077039202
9.121079847805078,5.0,33.341158399478516
9.30569468432476,5.0,32.41325958467922
9.494046209748777,5.0,31.50932030044412
9.68621005637324,5.0,30.629059242950756
9.88226338732648,5.0,29.77216221523211
10.08228492755391,5.0,28.938286217323274
10.286354995430026,5.0,28.127063248793878
10.494555535009944,5.0,27.338103832650063
10.706970148934042,5.0,26.57100027084364
10.923684131998456,5.0,25.825329642570026
11.144784505405081,5.0,25.100656557203177
11.370360051704829,5.0,24.39653567415001
11.60050135044813,5.0,23.712514002142342
11.83530081455703,5.0,23.048132990552592
12.074852727433475,5.0,22.40293042524906
12.319253280818675,5.0,21.7764421413204
12.568600613418768,5.0,21.16820356472236
12.822994850312291,5.0,20.57775109454746
13.082538143155253,5.0,20.00462333721113
13.347334711199998,5.0,19.448362203396417
13.61749088314431,5.0,18.90851387811861
13.893115139827545,5.0,18.384629673769467
14.174318157790996,5.0,17.876266775488784
14.46121285371979,5.0,17.382988887694204
14.753914429784604,5.0,16.90436679008549
15.052540419900813,5.0,16.439978810933344
15.357210736924115,5.0,15.989411224964604
15.668047720801365,5.0,15.552258582675261
15.985176187696007,5.0,15.128123977435607
16.308723480107844,5.0,14.71661925630495
16.638819518007246,5.0,14.317365180045849
16.975596851004315,5.0,13.929991537419637
17.31919071157402,5.0,13.554137218459223
17.669739069358602,5.0,13.18945025104954
18.027382686569098,5.0,12.835587804801406
18.392265174508207,5.0,12.492216165881139
18.76453305123722,5.0,12.15901068615465
19.144335800410126,5.0,11.835655709720658
19.531825931298606,5.0,11.521844479643338
19.927159040031885,5.0,11.217279027447434
20.330493872076154,5.0,10.921670047710109
20.741992385978605,5.0,10.634736759870853
21.16181981840165,5.0,10.356206759184037
21.590144750473474,5.0,10.085815858556483
22.027139175481572,5.0,9.823307922844549
22.47297856793641,5.0,9.56843469703016
22.927841954032942,5.0,9.320955629553062
23.391911983538396,5.0,9.080637691945165
23.865375003134975,5.0,8.847255195793464
24.348421131247154,5.0,8.620589607946915
24.84124433438344,5.0,8.400429364783282
25.34404250502338,5.0,8.186569686258691
25.85701754108101,5.0,7.978812390379618
26.38037542697667,5.0,7.776965708660189
26.91432631634978,5.0,7.580844103058158
27.459084616445796,5.0,7.390268084819741
28.014869074210864,5.0,7.205064035606348
28.58190286412998,5.0,7.025064031223733
29.160413677841586,5.0,6.850105668228436
29.750633815567493,5.0,6.680031893642154
30.352800279392397,5.0,6.514690837968444
30.967154868431823,5.0,6.3539356516702
31.593944275926205,5.0,6.1976243452367585
32.23342018830022,5.0,6.045619632940939
32.88583938622718,5.0,5.897788780362248
33.551463847738866,5.0,5.754003455730285
34.23056085342249,5.0,5.614139585122626
34.92340309374689,5.0,5.478077211534538
35.630268778560946,5.0,5.3457003578221585
36.3514417488084,5.0,5.2168968935075135
37.08721159050376,5.0,5.091558405421839
37.83787375101524,5.0,4.969580072153443
38.60372965770115,5.0,4.850860542257206
39.38508683894772,5.0,4.735301816175264
40.18225904765663,5.0,4.62280913181186
40.99556638723212,5.0,4.513290853699441
41.82533544011802,5.0,4.40665836568869
42.671899398936525,5.0,4.3028259670911
43.535598200281186,5.0,4.201710772199638
44.41677866121803,5.0,4.10323261311034
45.31579461854946,5.0,4.007313945765923
46.23300707089691,5.0,3.913879759140968
47.168784323659374,5.0,3.8228574874872336
48.12350213690593,5.0,3.7341769255571178
49.09754387626167,5.0,3.647770146723149
50.09130066684763,5.0,3.5635714239113
51.105171550336685,5.0,3.4815171532664544
52.139563645187636,5.0,3.4015457804690605
53.194892310124196,5.0,3.32359772962237
54.27158131092019,5.0,3.247615334631461
55.37006299056378,5.0,3.1735427729954946
56.490778442862485,5.0,3.1013260019368714
57.63417768956553,5.0,3.0309126967913373
58.80071986106771,5.0,2.962252191585883
59.99087338077437,5.0,2.895295421731304
61.205116153194425,5.0,2.8299948687594827
62.443935755843576,5.0,2.766304507035929
63.70782963502979,5.0,2.7041797523804627
64.99730530560228,5.0,2.6435774125306004
66.31288055474342,5.0,2.584455639383677
67.6550836498855,5.0,2.526773882955939
69.02445355083572,5.0,2.4704928469981406
70.42154012619478,5.0,2.4155744462093494
71.84690437415595,5.0,2.3619817649922106
73.30111864777298,5.0,2.3096790176945357
74.78476688478777,5.0,2.2586315102841854
76.29844484210975,5.0,2.208805603405362
77.84276033504126,5.0,2.1601686767667236
79.4183334813449,5.0,2.1126890948126893
81.02579695025105,5.0,2.0663361736313863
82.66579621650523,5.0,2.0210801490542174
84.33898981955767,5.0,1.976892145903119
86.0460496279989,5.0,1.9337441483438238
87.78766110934764,5.0,1.8916089713039597
89.56452360529937,5.0,1.8504602329172357
91.37735061254598,5.0,1.810272327955526
93.22687006927947,5.0,1.771020402212405
95.11382464749443,5.0,1.7326803278029779
97.03897205120703,5.0,1.6952286793459452
99.00308532070997,5.0,1.658642710995321
101.00695314298582,5.0,1.6229003342900592
103.05138016840333,5.0,1.5879800967913404
105.13718733382264,5.0,1.553861161478215
107.26521219224374,5.0,1.5205232868733627
109.43630924912144,5.0,1.4879468078718683
111.65135030549438,5.0,1.4561126172467231
113.91122480805195,5.0,1.4250021478061474
116.2168402062941,5.0,1.394597355178162
118.56912231691284,5.0,1.3648807011993502
120.96901569555533,5.0,1.3358351378851678
123.41748401610774,5.0,1.3074440919603896
125.91551045765729,5.0,1.2796914499285967
128.46409809928664,5.0,1.2525615436610997
131.06427032285873,5.0,1.2260391364856387
133.7170712239545,5.0,1.2001094097566294
136.42356603112793,5.0,1.1747579498889902
139.1848415336472,5.0,1.1499707358385118
142.00200651789334,5.0,1.125734127012095
144.87619221259197,5.0,1.102034851592239
147.80855274305648,5.0,1.0788599952603668
150.80026559462573,5.0,1.0561969903042994
153.85253208548133,5.0,1.0340336050958605
156.96657784903562,5.0,1.0123579339249915
160.14365332608278,5.0,0.9911583871772439
163.385034266912,5.0,0.9704236818422451
166.69202224358276,5.0,0.9501428323408501
170.06594517256983,5.0,0.930305141659612
173.50815784798584,5.0,0.9109001927811328
177.0200424855973,5.0,0.8919178403997123
180.60300927785127,5.0,0.8733482029119727
184.2584969601363,5.0,0.8551816546722972
187.98797338850466,5.0,0.8374088185038298
191.79293612908776,5.0,0.8200205584555763
195.674913059442,5.0,0.8030079727968524
199.63546298206603,5.0,0.7863623872406
203.67617625033404,5.0,0.7700753483872984
207.79867540710418,5.0,0.754138617381601
212.0046158362424,5.0,0.738544163774249
216.29568642734625,5.0,0.7232841595817019
220.67361025390917,5.0,0.7083509735367348
225.14014526522556,5.0,0.6937371655231039
229.69708499228554,5.0,0.6794354811877712
234.3462592679721,5.0,0.6654388467245009
239.08953496182127,5.0,0.6517403638227914
243.92881672966604,5.0,0.6383333047762901
248.86604777844576,5.0,0.6252111077452177
253.90321064649902,5.0,0.6123673721673273
259.042327999649,5.0,0.599795854312315
264.2854634434021,5.0,0.5874904629746612
269.6347223515858,5.0,0.5754452553001577
275.0922527117594,5.0,0.5636544327414339
280.66024598773413,5.0,0.5521123371381748
286.3409379995537,5.0,0.5408134469176046
292.1366098212839,5.0,0.529752373411233
298.04958869697515,5.0,0.5189238572838539
304.0822489751643,5.0,0.5083227650710209
310.2370130622906,5.0,0.4979440858212142
316.51635239540985,5.0,0.48778292783937527
322.92278843459667,5.0,0.47783451552807665
329.4588936754332,5.0,0.4680941863234256
336.12729268199115,5.0,0.45855738772216875
342.9306631407221,5.0,0.4492196743972032
349.8717369356785,5.0,0.440076705398455
356.95330124549815,5.0,0.4311242414363109
364.1781996625918,5.0,0.42235814224478585
371.54933333498417,5.0,0.41377436402203255
379.06966213126526,5.0,0.4053689569453245
386.7422058291224,5.0,0.3971380627583704
394.57004532792683,5.0,0.3890779124283988
402.5563238858663,5.0,0.38118482387088093
410.70424838211136,5.0,0.3734551997395502
419.01709060454283,5.0,0.36588552527977936
427.49818856352084,5.0,0.3584723662431194
436.15094783227204,5.0,0.3512123668611455
444.978842914379,5.0,0.3441022478765948
453.9854186389764,5.0,0.33713880463016094
463.174291584158,5.0,0.3303189052009531
472.54915152922325,5.0,0.3236394885990567
482.113762936289,5.0,0.3170975630085532
491.87196646191444,5.0,0.3106902040793075
501.82768049930604,5.0,0.30441455326611405
511.9849027517486,5.0,0.2982678162136587
522.3477118378676,5.0,0.29224726118587285
532.9202689294025,5.0,0.2863502175383209
543.7068194221156,5.0,0.2805740742322482
554.7116946405247,5.0,0.2749162783891196
565.9393135771411,5.0,0.26937433388422416
577.3941846669098,5.0,0.26394579997833456
589.0809075975657,5.0,0.2586282899860909
601.0041751566312,5.0,0.25341946998021336
613.1687751157991,5.0,0.24831705753016187
625.5795921534558,5.0,0.24331882047453568
638.2416098161167,5.0,0.23842257572589506
651.159912519563,5.0,0.233626188107256
664.3396875904814,5.0,0.22892756921921328
677.7862273494284,5.0,0.22432467633675457
691.5049312359541,5.0,0.2198155113350253
705.5013079767398,5.0,0.21539811964299158
719.7809777976208,5.0,0.21107058922432476
734.3496746803737,5.0,0.20683104958472753
749.2132486652044,5.0,0.20267767080477395
764.377668199802,5.0,0.19860866259765073
779.8490225359842,5.0,0.19462227339115734
795.633524174804,5.0,0.1907167894329409
811.7375113611961,5.0,0.18689053391874544
828.1674506290639,5.0,0.1831418661425882
844.9299393979348,5.0,0.17946918066856832
862.0317086221172,5.0,0.1758709065234848
879.4796254935338,5.0,0.17234550640977897
897.2806961992046,5.0,0.16889147593814713
915.442068734601,5.0,0.16550734287939126
933.9710357738834,5.0,0.1621916664348222
952.8750375982954,5.0,0.158943036524814
972.1616650837673,5.0,0.15576007309495155
991.8386627490527,5.0,0.1526414254392533
1011.9139318655008,5.0,0.14958577154011166
1032.3955336298222,5.0,0.14659181742432803
1053.2916924010412,5.0,0.1436582965349581
1074.6107990029786,5.0,0.14078396911841873
1096.3614140935745,5.0,0.13796762162650855
1118.55227160241,5.0,0.13520806613292025
1141.1922822378033,5.0,0.1325041397638227
1164.290537064893,5.0,0.12985470414220712
1187.856311156143,5.0,0.12725864484550153
1211.8990673157346,5.0,0.12471487087626354
1236.4284598793429,5.0,0.12222231414545591
1261.454338590822,5.0,0.11977992896805179
1286.9867525573557,5.0,0.11738669157065283
1313.0359542846627,5.0,0.11504159961069904
1339.612403793877,5.0,0.11274367170711118
1366.7267728217541,5.0,0.11049194698191321
1394.3899491058928,5.0,0.10828548461279174
1422.6130407566907,5.0,0.10612336339588635
1451.4073807177938,5.0,0.1040046813190848
1480.78453131681,5.0,0.10192855514505328
1510.7562889081785,5.0,0.09989412000405429
1541.334688609934,5.0,0.0979005289962781
1572.5320091364408,5.0,0.09594695280324472
1604.3607777288455,5.0,0.0940325793082869
1636.833775185422,5.0,0.09215661322573454
1669.964040993632,5.0,0.09031827573862117
1703.7648785661677,5.0,0.08851680414473316
1738.2498605828637,5.0,0.08675145151071706
1773.432834440843,5.0,0.08502148633408646
1809.3279278148643,5.0,0.0833261922129813
1845.9495543303278,5.0,0.08166486752333112
1883.3124193509882,5.0,0.08003682510347498
1921.4315258839322,5.0,0.07844139194575328
1960.3221806039562,5.0,0.07687790889523982
2000.0,5.0,0.0753457303551186
5.0,10.0,94.86088285039172
5.101202291614687,10.0,94.81064623105644
5.2044529639949655,10.0,94.74626147187207
5.3097934773063935,10.0,94.66497497488425
5.417266130887197,10.0,94.56379962542911
5.526914080233679,10.0,94.43955390984134
5.638781354329082,10.0,94.2889105027623
5.752912873323536,10.0,94.10845273526898
5.869354466571508,10.0,93.8947369524533
5.988152891034696,10.0,93.64435849834379
6.109355850057036,10.0,93.35401893717238
6.23301201252011,10.0,93.02059213078819
6.3591710323858655,10.0,92.64118692996887
6.4878835686353025,10.0,92.21320448202246
6.619201305610309,10.0,91.73438848290448
6.753176973767647,10.0,91.20286708129808
6.889864370852584,10.0,90.61718554719681
7.0293183835015185,10.0,89.97632922319094
7.1715950092814085,10.0,89.27973666135301
7.316751379175756,10.0,88.52730319534375
7.464845780525227,10.0,87.71937549409097
7.615937680433104,10.0,86.85673788285953
7.770087749643967,10.0,85.94059139690499
7.9273578869062025,10.0,84.97252665299997
8.087811243827103,10.0,83.95449168878034
8.25151225023157,10.0,82.88875593495578
8.418526640033557,10.0,81.7778714583133
8.588921477631695,10.0,80.6246325520278
8.762765184838644,10.0,79.43203466222407
8.94012756835606,10.0,78.20323353369024
9.121079847805078,10.0,76.94150534026295
9.30569468432476,10.0,75.65020844282809
9.494046209748777,10.0,74.33274729538184
9.68621005637324,10.0,72.9925389012985
9.88226338732648,10.0,71.63298211111065
10.08228492755391,10.0,70.2574299519362
10.286354995430026,10.0,68.86916508869218
10.494555535009944,10.0,67.47137843913794
10.706970148934042,10.0,66.0671508987754
10.923684131998456,10.0,64.65943807743632
11.144784505405081,10.0,63.251057906365546
11.370360051704829,10.0,61.84468094191084
11.60050135044813,10.0,60.44282316853005
11.83530081455703,10.0,59.04784108861823
12.074852727433475,10.0,57.661928878513116
12.319253280818675,10.0,56.287117387844475
12.568600613418768,10.0,54.925274762096045
12.822994850312291,10.0,53.57810847486726
13.082538143155253,10.0,52.24716856597043
13.347334711199998,10.0,50.93385189338442
13.61749088314431,10.0,49.63940722052927
13.893115139827545,10.0,48.36494097473458
14.174318157790996,10.0,47.11142352766321
14.46121285371979,10.0,45.8796958634167
14.753914429784604,10.0,44.67047651476601
15.052540419900813,10.0,43.48436866217947
15.357210736924115,10.0,42.32186730385801
15.668047720801365,10.0,41.18336641771671
15.985176187696007,10.0,40.06916604807282
16.308723480107844,10.0,38.97947926066826
16.638819518007246,10.0,37.914438919548374
16.975596851004315,10.0,36.87410424824205
17.31919071157402,10.0,35.8584671456663
17.669739069358602,10.0,34.86745823424913
18.027382686569098,10.0,33.90095262397451
18.392265174508207,10.0,32.958775381461294
18.76453305123722,10.0,32.04070669785011
19.144335800410126,10.0,31.146486753253257
19.531825931298606,10.0,30.275820278882833
19.927159040031885,10.0,29.428380820773793
20.330493872076154,10.0,28.603814711318375
20.741992385978605,10.0,27.801744756686087
21.16181981840165,10.0,27.021773649666546
21.590144750473474,10.0,26.263487118595734
22.027139175481572,10.0,25.526456823849458
22.47297856793641,10.0,24.81024301395642
22.927841954032942,10.0,24.114396953731788
23.391911983538396,10.0,23.438463136995892
23.865375003134975,10.0,22.781981296450564
24.348421131247154,10.0,22.144488223165478
24.84124433438344,10.0,21.525519407901097
25.34404250502338,10.0,20.9246105161848
25.85701754108101,10.0,20.341298708680785
26.38037542697667,10.0,19.775123817966634
26.91432631634978,10.0,19.22562939236548
27.459084616445796,10.0,18.692363616991518
28.014869074210864,10.0,18.17488012166057
28.58190286412998,10.0,17.672738684801086
29.160413677841586,10.0,17.185505841987467
29.750633815567493,10.0,16.71275540720148
30.352800279392397,10.0,16.25406891442833
30.967154868431823,10.0,15.809035986700012
31.593944275926205,10.0,15.377254639224661
32.23342018830022,10.0,14.95833152278082
32.88583938622718,10.0,14.551882113117163
33.551463847738866,10.0,14.157530851677864
34.23056085342249,10.0,13.77491124257534
34.92340309374689,10.0,13.403665910354123
35.630268778560946,10.0,13.043446622732807
36.3514417488084,10.0,12.69391428217517
37.08721159050376,10.0,12.354738889826073
37.83787375101524,10.0,12.025599485052634
38.60372965770115,10.0,11.70618406355456
39.38508683894772,10.0,11.396189476750983
40.18225904765663,10.0,11.095321314911205
40.99556638723212,10.0,10.803293776274339
41.82533544011802,10.0,10.519829524197162
42.671899398936525,10.0,10.244659534178234
43.535598200281186,10.0,9.977522932430576
44.41677866121803,10.0,9.718166827512272
45.31579461854946,10.0,9.466346136374991
46.23300707089691,10.0,9.221823406052405
47.168784323659374,10.0,8.984368632084589
48.12350213690593,10.0,8.75375907465795
49.09754387626167,10.0,8.529779073334593
50.09130066684763,10.0,8.312219861147758
51.105171550336685,10.0,8.100879378751396
52.139563645187636,10.0,7.895562089231271
53.194892310124196,10.0,7.696078794110808
54.27158131092019,10.0,7.502246451019438
55.37006299056378,10.0,7.313887993428279
56.490778442862485,10.0,7.130832152805487
57.63417768956553,10.0,6.952913283491115
58.80071986106771,10.0,6.779971190549181
59.99087338077437,10.0,6.611850960810865
61.205116153194425,10.0,6.448402797289389
62.443935755843576,10.0,6.289481857111448
63.70782963502979,10.0,6.134948093082714
64.99730530560228,10.0,5.984666098977196
66.31288055474342,10.0,5.838504958617322
67.6550836498855,10.0,5.696338098790566
69.02445355083572,10.0,5.55804314602963
70.42154012619478,10.0,5.423501787266746
71.84690437415595,10.0,5.292599634358333
73.30111864777298,10.0,5.16522609246323
74.78476688478777,10.0,5.0412742322464315
76.29844484210975,10.0,4.920640665871034
77.84276033504126,10.0,4.8032254267319
79.4183334813449,10.0,4.6889318528779915
81.02579695025105,10.0,4.577666474063787
82.66579621650523,10.0,4.469338902364816
84.33898981955767,10.0,4.363861726288582
86.0460496279989,10.0,4.261150408307684
87.78766110934764,10.0,4.161123185739921
89.56452360529937,10.0,4.063700974897153
91.37735061254598,10.0,3.9688072784234882
93.22687006927947,10.0,3.87636809574178
95.11382464749443,10.0,3.7863118365268518
97.03897205120703,10.0,3.698569237123228
99.00308532070997,10.0,3.6130732798252208
101.00695314298582,10.0,3.5297591149374843
103.05138016840333,10.0,3.448563985534426
105.13718733382264,10.0,3.369427154837775
107.26521219224374,10.0,3.29228983613234
109.43630924912144,10.0,3.2170951251414164
111.65135030549438,10.0,3.143787934783767
113.91122480805195,10.0,3.072314932236579
116.2168402062941,10.0,3.002624478229077
118.56912231691284,10.0,2.934666568493851
120.96901569555533,10.0,2.8683927773041127
123.41748401610774,10.0,2.8037562030269694
125.91551045765729,10.0,2.740711415624391
128.46409809928664,10.0,2.6792144060352556
131.06427032285873,10.0,2.6192225373738114
133.7170712239545,10.0,2.5606944978812995
136.42356603112793,10.0,2.503590255569726
139.1848415336472,10.0,2.4478710144980003
142.00200651789334,10.0,2.3934991726228763
144.87619221259197,10.0,2.340438281168621
147.80855274305648,10.0,2.2886530054611067
150.80026559462573,10.0,2.2381090871737506
153.85253208548133,10.0,2.188773307934431
156.96657784903562,10.0,2.1406134542440833
160.14365332608278,10.0,2.0935982836593565
163.385034266912,10.0,2.047697492193166
166.69202224358276,10.0,2.002881682888871
170.06594517256983,10.0,1.9591223355248228
173.50815784798584,10.0,1.9163917774079058
177.0200424855973,10.0,1.8746631552159814
180.60300927785127,10.0,1.8339104078505408
184.2584969601363,10.0,1.7941082402622481
187.98797338850466,10.0,1.7552320982133525
191.79293612908776,10.0,1.7172581439424035
195.674913059442,10.0,1.680163232697642
199.63546298206603,10.0,1.643924890106963
203.67617625033404,10.0,1.6085212903532395
207.79867540710418,10.0,1.5739312351252783
212.0046158362424,10.0,1.5401341333153427
216.29568642734625,10.0,1.507109981435688
220.67361025390917,10.0,1.474839344727139
225.14014526522556,10.0,1.4433033389342191
229.69708499228554,10.0,1.4124836127217848
234.3462592679721,10.0,1.3823623307095099
239.08953496182127,10.0,1.3529221571011445
243.92881672966604,10.0,1.3241462398864383
248.86604777844576,10.0,1.2960181955944692
253.90321064649902,10.0,1.2685220945780185
259.042327999649,10.0,1.241642446809079
264.2854634434021,10.0,1.2153641881667492
269.6347223515858,10.0,1.1896726671991302
275.0922527117594,10.0,1.1645536323418444
280.66024598773413,10.0,1.1399932195760902
286.3409379995537,10.0,1.1159779405102952
292.1366098212839,10.0,1.0924946708693999
298.04958869697515,10.0,1.0695306393770876
304.0822489751643,10.0,1.0470734170162759
310.2370130622906,10.0,1.025110906654159
316.51635239540985,10.0,1.0036313330182784
322.92278843459667,10.0,0.9826232330108391
329.4588936754332,10.0,0.9620754463489983
336.12729268199115,10.0,0.9419771065190213
342.9306631407221,10.0,0.9223176320330799
349.8717369356785,10.0,0.9030867179776035
356.95330124549815,10.0,0.884274327842563
364.1781996625918,10.0,0.8658706856215731
371.54933333498417,10.0,0.8478662681730263
379.06966213126526,10.0,0.8302517978327749
386.7422058291224,10.0,0.8130182352693537
394.57004532792683,10.0,0.7961567725730972
402.5563238858663,10.0,0.7796588265705423
410.70424838211136,10.0,0.7635160323563761
419.01709060454283,10.0,0.7477202370348389
427.49818856352084,10.0,0.7322634936633793
436.15094783227204,10.0,0.7171380553912815
444.978842914379,10.0,0.7023363697862449
453.9854186389764,10.0,0.687851073342478
463.174291584158,10.0,0.6736749861637792
472.54915152922325,10.0,0.6598011068154042
482.113762936289,10.0,0.6462226073389388
491.87196646191444,10.0,0.6329328284243868
501.82768049930604,10.0,0.6199252747338939
511.9849027517486,10.0,0.6071936103720665
522.3477118378676,10.0,0.5947316544975467
532.9202689294025,10.0,0.5825333770711215
543.7068194221156,10.0,0.5705928947355016
554.7116946405247,10.0,0.5589044668224236
565.9393135771411,10.0,0.5474624914825021
577.3941846669098,10.0,0.5362615019338196
589.0809075975657,10.0,0.5252961628249736
601.0041751566312,10.0,0.5145612667089539
613.1687751157991,10.0,0.504051730623819
625.5795921534558,10.0,0.49376259277679857
638.2416098161167,10.0,0.48368900932807546
651.159912519563,10.0,0.47382625127116995
664.3396875904814,10.0,0.46416970140646496
677.7862273494284,10.0,0.45471485140487766
691.5049312359541,10.0,0.44545729895856584
705.5013079767398,10.0,0.43639274501594827
719.7809777976208,10.0,0.427516991098053
734.3496746803737,10.0,0.41882593669365414
749.2132486652044,10.0,0.4103155767304939
764.377668199802,10.0,0.40198199912016674
779.8490225359842,10.0,0.3938213823742387
795.633524174804,10.0,0.38582999328928114
811.7375113611961,10.0,0.37800418469850994
828.1674506290639,10.0,0.37034039328803614
844.9299393979348,10.0,0.3628351374754185
862.0317086221172,10.0,0.355485015348746
879.4796254935338,10.0,0.34828670266414063
897.2806961992046,10.0,0.3412369508998458
915.442068734601,10.0,0.33433258536518073
933.9710357738834,10.0,0.32757050336252536
952.8750375982954,10.0,0.3209476724007021
972.1616650837673,10.0,0.3144611284581289
991.8386627490527,10.0,0.30810797429416226
1011.9139318655008,10.0,0.30188537780713226
1032.3955336298222,10.0,0.29579057043767787
1053.2916924010412,10.0,0.28982084561579907
1074.6107990029786,10.0,0.2839735572504892
1096.3614140935745,10.0,0.2782461182604995
1118.55227160241,10.0,0.27263599914493064
1141.1922822378033,10.0,0.2671407265926373
1164.290537064893,10.0,0.2617578821289801
1187.856311156143,10.0,0.25648510079901765
1211.8990673157346,10.0,0.25132006988592637
1236.4284598793429,10.0,0.2462605276635926
1261.454338590822,10.0,0.2413042621823863
1286.9867525573557,10.0,0.23644911008703973
1313.0359542846627,10.0,0.2316929554658198
1339.612403793877,10.0,0.22703372872982297
1366.7267728217541,10.0,0.22246940552185457
1394.3899491058928,10.0,0.2179980056535641
1422.6130407566907,10.0,0.21361759207045639
1451.4073807177938,10.0,0.20932626984360822
1480.78453131681,10.0,0.2051221851875523
1510.7562889081785,10.0,0.20100352450341083
1541.334688609934,10.0,0.19696851344659372
1572.5320091364408,10.0,0.19301541601838557
1604.3607777288455,10.0,0.18914253368075784
1636.833775185422,10.0,0.18534820449353007
1669.964040993632,10.0,0.1816308022735957
1703.7648785661677,10.0,0.1779887357752108
1738.2498605828637,10.0,0.17442044789107045
1773.432834440843,10.0,0.17092441487330964
1809.3279278148643,10.0,0.16749914557408926
1845.9495543303278,10.0,0.16414318070508302
1883.3124193509882,10.0,0.16085509211534788
1921.4315258839322,10.0,0.1576334820871561
1960.3221806039562,10.0,0.15447698264917764
2000.0,10.0,0.15138425490659024
