vol_pct,filler_poling,abs_d33_pCN
0.0,antiparallel,16.47058823529412
0.5,antiparallel,18.198017656945215
1.0,antiparallel,19.64014986957947
1.5,antiparallel,20.842169653540356
2.0,antiparallel,21.842152018636607
2.5,antiparallel,22.67218085623446
3.0,antiparallel,23.359291698520387
3.5000000000000004,antiparallel,23.926266226534143
4.0,antiparallel,24.392301827017555
4.5,antiparallel,24.773575838133002
5.0,antiparallel,25.08372103873353
5.5,antiparallel,25.334226334942496
6.0,antiparallel,25.534774405297597
6.5,antiparallel,25.693526217529648
7.000000000000001,antiparallel,25.817360772134975
7.5,antiparallel,25.912077114695386
8.0,antiparallel,25.982564551983312
8.5,antiparallel,26.032946073874747
9.0,antiparallel,26.06669919667062
9.5,antiparallel,26.08675778057999
10.0,antiparallel,26.09559781543675
10.5,antiparallel,26.095309697845767
11.0,antiparallel,26.087659126090838
11.5,antiparallel,26.07413840465999
12.0,antiparallel,26.05600966835005
12.5,antiparallel,26.034341298341523
13.0,antiparallel,26.010038602420927
13.5,antiparallel,25.98386966279965
14.000000000000002,antiparallel,25.956487112788174
14.499999999999998,antiparallel,25.928446483760485
15.0,antiparallel,25.900221662868475
15.5,antiparallel,25.87221791687923
16.0,antiparallel,25.84478286580797
16.5,antiparallel,25.818215729603512
17.0,antiparallel,25.79277512023546
17.5,antiparallel,25.768685608637725
18.0,antiparallel,25.746143259821107
18.5,antiparallel,25.725320299015795
19.0,antiparallel,25.70636904604829
19.5,antiparallel,25.689425233540742
20.0,antiparallel,25.67461080630943
20.5,antiparallel,25.662036283996187
21.0,antiparallel,25.651802756041427
21.5,antiparallel,25.64400356721824
22.0,antiparallel,25.638725742774856
22.5,antiparallel,25.63605119450578
23.0,antiparallel,25.636057742563338
23.5,antiparallel,25.638819982339307
24.0,antiparallel,25.64441002112878
24.5,antiparallel,25.65289810539956
25.0,antiparallel,25.664353156215018
25.5,antiparallel,25.67884322760057
26.0,antiparallel,25.696435900321156
26.5,antiparallel,25.717198621581854
27.0,antiparallel,25.74119899951741
27.500000000000004,antiparallel,25.768505059950716
28.000000000000004,antiparallel,25.799185471733747
28.500000000000004,antiparallel,25.833309746003355
28.999999999999996,antiparallel,25.870948413858216
29.5,antiparallel,25.912173186269154
30.0,antiparallel,25.957057099450957
0.0,none,16.47058823529412
0.5,none,18.14936082422544
1.0,none,19.541427323309527
1.5,none,20.69195240211053
2.0,none,21.638990575071748
2.5,none,22.414604844370434
3.0,none,23.045809449675613
3.5000000000000004,none,23.55536436639959
4.0,none,23.96244485247911
4.5,none,24.283205683730408
5.0,none,24.53125663244976
5.5,none,24.718063143007008
6.0,none,24.853283965675676
6.5,none,24.94505566175883
7.000000000000001,none,25.000232335157424
7.5,none,25.024587632322774
8.0,none,25.022984945617907
8.5,none,24.999520822096862
9.0,none,24.957645793288695
9.5,none,24.900266178724976
10.0,none,24.82982985726733
10.5,none,24.748398529415113
11.0,none,24.657708596909227
11.5,none,24.559222451470394
12.0,none,24.454171682615947
12.5,none,24.34359347692764
13.0,none,24.228361280928045
13.5,none,24.109210630994497
14.000000000000002,none,23.98676091154823
14.499999999999998,none,23.861533682931398
15.0,none,23.73396811940896
15.5,none,23.604434012644116
16.0,none,23.473242724295037
16.5,none,23.340656410963586
17.0,none,23.20689579381788
17.5,none,23.07214670231458
18.0,none,22.936565585303896
18.5,none,22.800284152346812
19.0,none,22.663413282416425
19.5,none,22.526046315537176
20.0,none,22.38826182470294
20.5,none,22.250125950070423
21.0,none,22.111694364497268
21.5,none,21.973013928603375
22.0,none,21.83412408435988
22.5,none,21.695058028480858
23.0,none,21.555843700382667
23.5,none,21.41650461399095
24.0,none,21.277060558055744
24.5,none,21.13752818574365
25.0,none,20.99792151099802
25.5,none,20.858252326397473
26.0,none,20.71853055491738
26.5,none,20.578764546040535
27.0,none,20.438961325013604
27.500000000000004,none,20.29912680265656
28.000000000000004,none,20.159265951962368
28.500000000000004,none,20.0193829567388
28.999999999999996,none,19.879481336714274
29.5,none,19.739564052831156
30.0,none,19.599633595860972
0.0,parallel,16.47058823529412
0.5,parallel,18.100703991505668
1.0,parallel,19.442704777039584
1.5,parallel,20.541735150680704
2.0,parallel,21.43582913150689
2.5,parallel,22.157028832506406
3.0,parallel,22.732327200830838
3.5000000000000004,parallel,23.18446250626504
4.0,parallel,23.532587877940667
4.5,parallel,23.792835529327817
5.0,parallel,23.978792226165996
5.5,parallel,24.10189995107152
6.0,parallel,24.171793526053754
6.5,parallel,24.196585105988014
7.000000000000001,parallel,24.183103898179873
7.5,parallel,24.137098149950162
8.0,parallel,24.0634053392525
8.5,parallel,23.966095570318977
9.0,parallel,23.84859238990677
9.5,parallel,23.713774576869966
10.0,parallel,23.56406189909791
10.5,parallel,23.40148736098446
11.0,parallel,23.227758067727617
11.5,parallel,23.044306498280797
12.0,parallel,22.852333696881846
12.5,parallel,22.65284565551376
13.0,parallel,22.446683959435166
13.5,parallel,22.23455159918935
14.000000000000002,parallel,22.017034710308284
14.499999999999998,parallel,21.79462088210231
15.0,parallel,21.56771457594945
15.5,parallel,21.336650108409003
16.0,parallel,21.1017025827821
16.5,parallel,20.86309709232366
17.0,parallel,20.6210164674003
17.5,parallel,20.375607795991435
18.0,parallel,20.12698791078668
18.5,parallel,19.875248005677825
19.0,parallel,19.620457518784555
19.5,parallel,19.36266739753361
20.0,parallel,19.10191284309645
20.5,parallel,18.838215616144662
21.0,parallel,18.571585972953105
21.5,parallel,18.302024289988516
22.0,parallel,18.0295224259449
22.5,parallel,17.754064862455934
23.0,parallel,17.475629658201996
23.5,parallel,17.194189245642594
24.0,parallel,16.909711094982708
24.5,parallel,16.622158266087737
25.0,parallel,16.331489865781023
25.5,parallel,16.03766142519438
26.0,parallel,15.740625209513603
26.5,parallel,15.440330470499218
27.0,parallel,15.136723650509795
27.500000000000004,parallel,14.829748545362403
28.000000000000004,parallel,14.51934643219099
28.500000000000004,parallel,14.205456167474239
28.999999999999996,parallel,13.888014259570328
29.5,parallel,13.566954919393156
30.0,parallel,13.242210092270989
