filler,scenario,vol_pct,abs_d33_pCN,fom_e12
ZnO,none,0.0,16.47058823529412,2.5532200369678404
ZnO,none,0.25,16.429411764705886,2.5423296820322503
ZnO,none,0.5,16.388235294117646,2.531454428330188
ZnO,none,0.75,16.347058823529412,2.5205943213802566
ZnO,none,1.0,16.30588235294118,2.509749406790046
ZnO,none,1.25,16.264705882352946,2.498919730256357
ZnO,none,1.5,16.22352941176471,2.488105337565413
ZnO,none,1.7500000000000002,16.18235294117647,2.4773062745930865
ZnO,none,2.0,16.141176470588235,2.466522587305112
ZnO,none,2.25,16.1,2.4557543217573112
ZnO,none,2.5,16.058823529411768,2.4450015240958076
ZnO,none,2.75,16.01764705882353,2.4342642405572557
ZnO,none,3.0,15.976470588235296,2.4235425174690537
ZnO,none,3.25,15.93529411764706,2.4128364012495793
ZnO,none,3.5000000000000004,15.894117647058824,2.4021459384083985
ZnO,none,3.75,15.852941176470589,2.391471175546502
ZnO,none,4.0,15.811764705882355,2.3808121593565184
ZnO,none,4.25,15.77058823529412,2.3701689366229513
ZnO,none,4.5,15.729411764705883,2.359541554222396
ZnO,none,4.75,15.68823529411765,2.348930059123774
ZnO,none,5.0,15.647058823529411,2.338334498388551
ZnO,none,5.25,15.605882352941178,2.327754919170977
ZnO,none,5.5,15.564705882352943,2.3171913687183023
ZnO,none,5.75,15.523529411764706,2.3066438943710157
ZnO,none,6.0,15.48235294117647,2.2961125435630727
ZnO,none,6.25,15.441176470588237,2.285597363822123
ZnO,none,6.5,15.400000000000004,2.275098402769747
ZnO,none,6.75,15.358823529411765,2.2646157081216844
ZnO,none,7.000000000000001,15.317647058823532,2.254149327688068
ZnO,none,7.249999999999999,15.276470588235293,2.2436993093736564
ZnO,none,7.5,15.23529411764706,2.2332657011780723
ZnO,none,7.75,15.194117647058825,2.2228485511960305
ZnO,none,8.0,15.152941176470591,2.212447907617579
ZnO,none,8.25,15.111764705882354,2.2020638187283312
ZnO,none,8.5,15.07058823529412,2.1916963329097108
ZnO,none,8.75,15.029411764705882,2.181345498639179
ZnO,none,9.0,14.988235294117647,2.171011364490479
ZnO,none,9.25,14.947058823529414,2.1606939791338764
ZnO,none,9.5,14.905882352941179,2.1503933913363937
ZnO,none,9.75,14.864705882352942,2.1401096499620555
ZnO,none,10.0,14.823529411764708,2.1298428039721284
ZnO,none,10.25,14.78235294117647,2.119592902425362
ZnO,none,10.5,14.741176470588236,2.109359994478233
ZnO,none,10.75,14.700000000000001,2.0991441293851896
ZnO,none,11.0,14.658823529411768,2.08894535649889
ZnO,none,11.25,14.617647058823529,2.078763725270456
ZnO,none,11.5,14.576470588235296,2.068599285249713
ZnO,none,11.75,14.53529411764706,2.0584520860854374
ZnO,none,12.0,14.494117647058825,2.0483221775256024
ZnO,none,12.25,14.452941176470588,2.038209609417629
ZnO,none,12.5,14.411764705882353,2.028114431708634
ZnO,none,12.75,14.37058823529412,2.018036694445677
ZnO,none,13.0,14.329411764705883,2.0079764477760107
ZnO,none,13.25,14.288235294117648,1.997933741947336
ZnO,none,13.5,14.247058823529414,1.9879086273080486
ZnO,none,13.750000000000002,14.205882352941178,1.9779011543074936
ZnO,none,14.000000000000002,14.164705882352942,1.9679113734962186
ZnO,none,14.250000000000002,14.123529411764705,1.9579393355262276
ZnO,none,14.499999999999998,14.082352941176472,1.947985091151235
ZnO,none,14.75,14.041176470588237,1.938048691226922
ZnO,none,15.0,14.0,1.928130186711191
ZnO,none,15.25,13.958823529411767,1.9182296286644265
ZnO,none,15.5,13.91764705882353,1.908347068249747
ZnO,none,15.75,13.876470588235296,1.8984825567332697
ZnO,none,16.0,13.83529411764706,1.8886361454843639
ZnO,none,16.25,13.794117647058826,1.8788078859759159
ZnO,none,16.5,13.752941176470587,1.8689978297845877
ZnO,none,16.75,13.711764705882354,1.8592060285910788
ZnO,none,17.0,13.670588235294119,1.8494325341803886
ZnO,none,17.25,13.629411764705884,1.8396773984420811
ZnO,none,17.5,13.588235294117649,1.8299406733705443
ZnO,none,17.75,13.547058823529413,1.8202224110652632
ZnO,none,18.0,13.505882352941178,1.8105226637310765
ZnO,none,18.25,13.464705882352941,1.8008414836784499
ZnO,none,18.5,13.423529411764706,1.7911789233237396
ZnO,none,18.75,13.382352941176473,1.7815350351894623
ZnO,none,19.0,13.341176470588238,1.771909871904562
ZnO,none,19.25,13.300000000000002,1.762303486204682
ZnO,none,19.5,13.258823529411764,1.7527159309324345
ZnO,none,19.75,13.21764705882353,1.7431472590376715
ZnO,none,20.0,13.176470588235295,1.7335975235777583
ZnO,weak,0.0,16.47058823529412,2.5532200369678404
ZnO,weak,0.25,16.692136411694474,2.624289179137876
ZnO,weak,0.5,16.891414017005584,2.6892906738950773
ZnO,weak,0.75,17.07025014569949,2.7485489332299426
ZnO,weak,1.0,17.230323773046422,2.8023903429784323
ZnO,weak,1.25,17.37317606764209,2.851138532546679
ZnO,weak,1.5,17.500221694720658,2.8951107556630893
ZnO,weak,1.7500000000000002,17.612759192925413,2.934615177166719
ZnO,weak,2.0,17.711980500440667,2.969948895538375
ZnO,weak,2.25,17.798979700173934,3.0013965599277572
ZnO,weak,2.5,17.874761047971386,3.0292294647288824
ZnO,weak,2.75,17.940246342610568,3.0537050250672917
ZnO,weak,3.0,17.996281691503953,3.075066553525704
ZnO,weak,3.25,18.0436437216304,3.0935432725884784
ZnO,weak,3.5000000000000004,18.083045281156185,3.1093505090817013
ZnO,weak,3.75,18.115140673484458,3.1226900267065796
ZnO,weak,4.0,18.14053046205286,3.1337504609283977
ZnO,weak,4.25,18.159765881060974,3.1427078272616376
ZnO,weak,4.5,18.173352884427175,3.1497260796094766
ZnO,weak,4.75,18.181755862628687,3.1549576999632687
ZnO,weak,5.0,18.18540105464951,3.158544304603957
ZnO,weak,5.25,18.184679680030552,3.1606172551070566
ZnO,weak,5.5,18.17995081396839,3.1612982650476527
ZnO,weak,5.75,18.17154402652934,3.160699995426812
ZnO,weak,6.0,18.1597618053191,3.1589266335740573
ZnO,weak,6.25,18.14488177936374,3.1560744516890678
ZnO,weak,6.5,18.127158760502525,3.1522323423243095
ZnO,weak,6.75,18.106826617257614,3.1474823290257157
ZnO,weak,7.000000000000001,18.08409999491893,3.141900051079204
ZnO,weak,7.249999999999999,18.059175894456647,3.135555221889346
ZnO,weak,7.5,18.032235121840124,3.1285120609697596
ZnO,weak,7.75,18.003443618392748,3.1208296998753684
ZnO,weak,8.0,17.972953681941252,3.1125625626732605
ZnO,weak,8.25,17.94090508771761,3.1037607217470495
ZnO,weak,8.5,17.90742611723776,3.0944702298724494
ZnO,weak,8.75,17.872634502706696,3.084733429599745
ZnO,weak,9.0,17.836638293880807,3.074589241041081
ZnO,weak,9.25,17.79953665374984,3.064073429194127
ZnO,weak,9.5,17.761420588879403,3.0532188519449153
ZnO,weak,9.75,17.722373619775578,3.042055689886216
ZnO,weak,10.0,17.68247239619403,3.0306116590682133
ZnO,weak,10.25,17.64178726191188,3.0189122077681416
ZnO,weak,10.5,17.6003827731102,3.006980698328269
ZnO,weak,10.75,17.55831817417487,2.9948385750689974
ZnO,weak,11.0,17.51564783441104,2.982505519237665
ZnO,weak,11.25,17.472421648879784,2.9699995919053945
ZnO,weak,11.5,17.428685406302467,2.957337365675148
ZnO,weak,11.75,17.38448112673638,2.944534046014694
ZnO,weak,12.0,17.33984737150372,2.9316035829794407
ZnO,weak,12.25,17.294819527652127,2.918558774042323
ZnO,weak,12.5,17.249430069038148,2.9054113587015955
ZnO,weak,12.75,17.20370879595331,2.8921721054928384
ZnO,weak,13.0,17.157683055055074,2.8788508919888223
ZnO,weak,13.25,17.11137794122016,2.8654567783302336
ZnO,weak,13.5,17.064816482805153,2.851998074791789
ZnO,weak,13.750000000000002,17.018019811677167,2.838482403851823
ZnO,weak,14.000000000000002,16.97100731926588,2.8249167571993166
ZnO,weak,14.250000000000002,16.92379679978507,2.8113075480800074
ZnO,weak,14.499999999999998,16.87640458167788,2.7976606593532427
ZnO,weak,14.75,16.8288456482534,2.783981487603039
ZnO,weak,15.0,16.78113374840256,2.770274983620526
ZnO,weak,15.25,16.733281498208687,2.756545689550559
ZnO,weak,15.5,16.68530047420084,2.7427977729725037
ZnO,weak,15.75,16.63720129893686,2.729035058164106
ZnO,weak,16.0,16.58899371954648,2.715261054777789
ZnO,weak,16.25,16.54068667981316,2.7014789841405427
ZnO,weak,16.5,16.49228838632573,2.687691803371835
ZnO,weak,16.75,16.443806369187403,2.673902227498419
ZnO,weak,17.0,16.395247537729478,2.6601127497305423
ZnO,weak,17.25,16.346618231640576,2.6463256600509095
ZnO,weak,17.5,16.297924267888202,2.6325430622554014
ZnO,weak,17.75,16.24917098377875,2.618766889573423
ZnO,weak,18.0,16.200363276473382,2.6049989189852383
ZnO,weak,18.25,16.15150563925135,2.5912407843442042
ZnO,weak,18.5,16.10260219478816,2.5774939884029053
ZnO,weak,18.75,16.053656725694214,2.5637599138341445
ZnO,weak,19.0,16.00467270253915,2.5500398333302803
ZnO,weak,19.25,15.955653309568829,2.536334918857512
ZnO,weak,19.5,15.90660146830474,2.522646250135454
ZnO,weak,19.75,15.857519859199966,2.5089748224064774
ZnO,weak,20.0,15.808410941511763,2.495321553554047
ZnO,nominal,0.0,16.47058823529412,2.5532200369678404
ZnO,nominal,0.25,17.348948029165946,2.83487641881369
ZnO,nominal,0.5,18.14936082422544,3.104762625756665
ZnO,nominal,0.75,18.87822845112468,3.361601101244989
ZnO,nominal,1.0,19.541427323309527,3.604577062139338
ZnO,nominal,1.25,20.14435153086495,3.8332439646963814
ZnO,nominal,1.5,20.69195240211053,4.047445629181257
ZnO,nominal,1.7500000000000002,21.18877482229777,4.247252258252912
ZnO,nominal,2.0,21.638990575071748,4.432908030405218
ZnO,nominal,2.25,22.046428950608767,4.604788324910403
ZnO,nominal,2.5,22.414604844370434,4.763364950107545
ZnO,nominal,2.75,22.74674455207816,4.909178011952741
ZnO,nominal,3.0,23.045809449675613,5.042813282457458
ZnO,nominal,3.25,23.314517731588737,5.164884114694426
ZnO,nominal,3.5000000000000004,23.55536436639959,5.276017108095016
ZnO,nominal,3.75,23.77063941601913,5.376840859559024
ZnO,nominal,4.0,23.96244485247911,5.46797724645548
ZnO,nominal,4.25,24.132709995478113,5.550034780288932
ZnO,nominal,4.5,24.283205683730408,5.6236036474825655
ZnO,nominal,4.75,24.41555728390628,5.6892521187827345
ZnO,nominal,5.0,24.53125663244976,5.74752406323387
ZnO,nominal,5.25,24.63167299775399,5.798937348206326
ZnO,nominal,5.5,24.718063143007008,5.8439829450093805
ZnO,nominal,5.75,24.791580563440903,5.883124591390388
ZnO,nominal,6.0,24.853283965675676,5.9167988887187475
ZnO,nominal,6.25,24.904145051302493,5.9454157337311395
ZnO,nominal,6.5,24.94505566175883,5.969359003087218
ZnO,nominal,6.75,24.97683433687224,5.988987424253425
ZnO,nominal,7.000000000000001,25.000232335157424,6.004635578902737
ZnO,nominal,7.249999999999999,25.015939160010035,6.016614995513799
ZnO,nominal,7.5,25.024587632322774,6.025215296530995
ZnO,nominal,7.75,25.026758546727564,6.030705372606754
ZnO,nominal,8.0,25.022984945617907,6.033334562339943
ZnO,nominal,8.25,25.01375604230575,6.033333820760397
ZnO,nominal,8.5,24.999520822096862,6.030916863766183
ZnO,nominal,8.75,24.98069134770873,6.026281278944964
ZnO,nominal,9.0,24.957645793288695,6.019609595828195
ZnO,nominal,9.25,24.930731229300928,6.011070310740247
ZnO,nominal,9.5,24.900266178724976,6.000818863100932
ZnO,nominal,9.75,24.866542963332158,5.98899856139188
ZnO,nominal,10.0,24.82982985726733,5.97574145806531
ZnO,nominal,10.25,24.790373063750394,5.961169173508236
ZnO,nominal,10.5,24.748398529415113,5.945393669818706
ZnO,nominal,10.75,24.70411360961206,5.928517975637835
ZnO,nominal,11.0,24.657708596909227,5.910636863641319
ZnO,nominal,11.25,24.609358124020428,5.8918374825514706
ZnO,nominal,11.5,24.559222451470394,5.87219994570489
ZnO,nominal,11.75,24.50744864945967,5.851797878318938
ZnO,nominal,12.0,24.454171682615947,5.830698925655216
ZnO,nominal,12.25,24.399515405605978,5.808965224292329
ZnO,nominal,12.5,24.34359347692764,5.786653838701573
ZnO,nominal,12.75,24.2865101976013,5.763817165276359
ZnO,nominal,13.0,24.228361280928045,5.740503305904639
ZnO,nominal,13.25,24.169234558976452,5.716756413098742
ZnO,nominal,13.5,24.109210630994497,5.6926170086125625
ZnO,nominal,13.750000000000002,24.048363458517148,5.668122277385721
ZnO,nominal,14.000000000000002,23.98676091154823,5.643306338560056
ZnO,nominal,14.250000000000002,23.924465269835974,5.618200495218341
ZnO,nominal,14.499999999999998,23.861533682931398,5.592833464399398
ZnO,nominal,14.75,23.798018592416298,5.567231588849826
ZnO,nominal,15.0,23.73396811940896,5.541419031880271
ZnO,nominal,15.25,23.669426420200995,5.515417956605367
ZnO,nominal,15.5,23.604434012644116,5.489248690760782
ZnO,nominal,15.75,23.539028075690776,5.462929878209024
ZnO,nominal,16.0,23.473242724295037,5.4364786181678495
ZnO,nominal,16.25,23.40710926169899,5.409910593121439
ZnO,nominal,16.5,23.340656410963586,5.383240186304929
ZnO,nominal,16.75,23.27391052745002,5.356480589587479
ZnO,nominal,17.0,23.20689579381788,5.329643902517641
ZnO,nominal,17.25,23.1396343989773,5.302741223237318
ZnO,nominal,17.5,23.07214670231458,5.2757827319169195
ZnO,nominal,17.75,23.00445138440209,5.248777767314316
ZnO,nominal,18.0,22.936565585303896,5.221734897013479
ZnO,nominal,18.25,22.86850503149737,5.19466198185558
ZnO,nominal,18.5,22.800284152346812,5.167566235034928
ZnO,nominal,18.75,22.731916186988574,5.14045427629502
ZnO,nominal,19.0,22.663413282416425,5.11333218162538
ZnO,nominal,19.25,22.594786583490908,5.086205528827976
ZnO,nominal,19.5,22.526046315537176,5.059079439292429
ZnO,nominal,19.75,22.45720186014106,5.0319586162920755
ZnO,nominal,20.0,22.38826182470294,5.004847380087636
ZnO,strong,0.0,16.47058823529412,2.5532200369678404
ZnO,strong,0.25,18.699405224367435,3.293391993961518
ZnO,strong,0.5,20.56923171686636,3.9878780898847586
ZnO,strong,0.75,22.13591862936902,4.621881453559623
ZnO,strong,1.0,23.446629243749943,5.189225974982814
ZnO,strong,1.25,24.541190341941977,5.6891990024606525
ZnO,strong,1.5,25.45323324190733,6.124406325517889
ZnO,strong,1.7500000000000002,26.211157399469695,6.499332586465698
ZnO,strong,2.0,26.83894416299648,6.819390797417192
ZnO,strong,2.25,27.356843979449252,7.090308831838356
ZnO,strong,2.5,27.781956728400655,7.317746218286556
ZnO,strong,2.75,28.128721801661733,7.5070667081932
ZnO,strong,3.0,28.409331962684846,7.663214778435508
ZnO,strong,3.25,28.6340828380084,7.79066020981089
ZnO,strong,3.5000000000000004,28.81166805027847,7.8933861085142
ZnO,strong,3.75,28.949428446104314,7.974903598721623
ZnO,strong,4.0,29.05356255765764,8.038281897572663
ZnO,strong,4.25,29.12930432690578,8.08618629001185
ZnO,strong,4.5,29.18107318391705,8.120919147106303
ZnO,strong,4.75,29.212600778968724,8.144460929647499
ZnO,strong,5.0,29.227037999568697,8.158509338095136
ZnO,strong,5.25,29.227045338838412,8.164515586068067
ZnO,strong,5.5,29.214869204835434,8.163717311539294
ZnO,strong,5.75,29.192406357671363,8.157167984743658
ZnO,strong,6.0,29.16125832117863,8.14576288559081
ZnO,strong,6.25,29.122777328660828,8.130261848700366
ZnO,strong,6.5,29.078105119706002,8.111309040652175
ZnO,strong,6.75,29.028205700204616,8.089450062129838
ZnO,strong,7.000000000000001,28.97389300473127,8.065146671364548
ZnO,strong,7.249999999999999,28.91585425436717,8.038789414195891
ZnO,strong,7.5,28.85466967967725,8.01070842656009
ZnO,strong,7.75,28.790829174378423,7.981182651525362
ZnO,strong,8.0,28.7247463572606,7.950447687851005
ZnO,strong,8.25,28.656770445630162,7.918702462161619
ZnO,strong,8.5,28.58719628080929,7.886114893217075
ZnO,strong,8.75,28.51627279324568,7.852826694976118
ZnO,strong,9.0,28.44421015004982,7.818957445449137
ZnO,strong,9.25,28.371185789998183,7.784608030770206
ZnO,strong,9.5,28.297349519138816,7.749863558429004
ZnO,strong,9.75,28.222827813196538,7.714795820059193
ZnO,strong,10.0,28.14772745022684,7.679465372415455
ZnO,strong,10.25,28.072138577758,7.643923295006429
ZnO,strong,10.5,27.99613730244052,7.608212674105718
ZnO,strong,10.75,27.919787876525316,7.572369855365148
ZnO,strong,11.0,27.843144543926783,7.536425500844256
ZnO,strong,11.25,27.76625309885979,7.500405480802433
ZnO,strong,11.5,27.689152201793252,7.46433162594549
ZnO,strong,11.75,27.611874490499183,7.428222361862501
ZnO,strong,12.0,27.534447518096254,7.392093244030756
ZnO,strong,12.25,27.456894545021733,7.355957408919751
ZnO,strong,12.5,27.379235207673503,7.31982595431353
ZnO,strong,12.75,27.301486082923862,7.283708259929623
ZnO,strong,13.0,27.223661164717832,7.247612257686426
ZnO,strong,13.25,27.14577226644481,7.211544659511316
ZnO,strong,13.5,27.067829360641483,7.175511149348765
ZnO,strong,13.750000000000002,26.989840865784597,7.139516544986092
ZnO,strong,14.000000000000002,26.9118138884128,7.103564934435089
ZnO,strong,14.250000000000002,26.833754427534096,7.06765979086544
ZnO,strong,14.499999999999998,26.755667547192306,7.031804069459503
ZnO,strong,14.75,26.6775575221515,6.9960002890294355
ZnO,strong,15.0,26.59942796088499,6.960250600791809
ZnO,strong,15.25,26.52128190940398,6.924556846318991
ZnO,strong,15.5,26.44312193890991,6.888920606369184
ZnO,strong,15.75,26.364950219790508,6.853343242029952
ZnO,strong,16.0,26.286768584086477,6.8178259293843055
ZnO,strong,16.25,26.20857857822505,6.782369688718622
ZnO,strong,16.5,26.130381507536452,6.746975409131199
ZnO,strong,16.75,26.052178473833536,6.711643869265412
ZnO,strong,17.0,25.973970407135184,6.676375754777388
ZnO,strong,17.25,25.89575809244599,6.641171673052334
ZnO,strong,17.5,25.817542192362385,6.606032165602615
ZnO,strong,17.75,25.739323266155527,6.570957718512691
ZnO,strong,18.0,25.66110178587996,6.535948771238399
ZnO,strong,18.25,25.582878149971492,6.501005724019814
ZnO,strong,18.5,25.504652694725504,6.466128944126041
ZnO,strong,18.75,25.42642570398606,6.431318771115887
ZnO,strong,19.0,25.34819741732462,6.396575521269552
ZnO,strong,19.25,25.269968036943737,6.361899491321798
ZnO,strong,19.5,25.1917377335045,6.327290961606808
ZnO,strong,19.75,25.113506651045448,6.292750198707325
ZnO,strong,20.0,25.03527491113451,6.258277457686249
BaTiO3,none,0.0,16.47058823529412,2.5532200369678404
BaTiO3,none,0.25,16.429411764705886,2.5219051251445306
BaTiO3,none,0.5,16.388235294117646,2.4909871157164813
BaTiO3,none,0.75,16.347058823529412,2.4604600328669664
BaTiO3,none,1.0,16.30588235294118,2.4303180155523623
BaTiO3,none,1.25,16.264705882352946,2.400555314759864
BaTiO3,none,1.5,16.22352941176471,2.3711662908434525
BaTiO3,none,1.7500000000000002,16.18235294117647,2.342145410935522
BaTiO3,none,2.0,16.141176470588235,2.3134872464316643
BaTiO3,none,2.25,16.1,2.28518647054623
BaTiO3,none,2.5,16.058823529411768,2.2572378559363226
BaTiO3,none,2.75,16.01764705882353,2.229636272392038
BaTiO3,none,3.0,15.976470588235296,2.2023766845907637
BaTiO3,none,3.25,15.93529411764706,2.1754541499135187
BaTiO3,none,3.5000000000000004,15.894117647058824,2.148863816321296
BaTiO3,none,3.75,15.852941176470589,2.122600920289542
BaTiO3,none,4.0,15.811764705882355,2.096660784798879
BaTiO3,none,4.25,15.77058823529412,2.071038817380327
BaTiO3,none,4.5,15.729411764705883,2.045730508213287
BaTiO3,none,4.75,15.68823529411765,2.0207314282746434
BaTiO3,none,5.0,15.647058823529411,1.996037227537381
BaTiO3,none,5.25,15.605882352941178,1.9716436332171867
BaTiO3,none,5.5,15.564705882352943,1.9475464480655404
BaTiO3,none,5.75,15.523529411764706,1.9237415487078782
BaTiO3,none,6.0,15.48235294117647,1.9002248840254328
BaTiO3,none,6.25,15.441176470588237,1.8769924735794197
BaTiO3,none,6.5,15.400000000000004,1.8540404060762885
BaTiO3,none,6.75,15.358823529411765,1.8313648378727887
BaTiO3,none,7.000000000000001,15.317647058823532,1.8089619915196609
BaTiO3,none,7.249999999999999,15.276470588235293,1.786828154342772
BaTiO3,none,7.5,15.23529411764706,1.7649596770606082
BaTiO3,none,7.75,15.194117647058825,1.7433529724370092
BaTiO3,none,8.0,15.152941176470591,1.7220045139681317
BaTiO3,none,8.25,15.111764705882354,1.7009108346026056
BaTiO3,none,8.5,15.07058823529412,1.6800685254939267
BaTiO3,none,8.75,15.029411764705882,1.6594742347841291
BaTiO3,none,9.0,14.988235294117647,1.63912466641784
BaTiO3,none,9.25,14.947058823529414,1.6190165789858177
BaTiO3,none,9.5,14.905882352941179,1.5991467845971397
BaTiO3,none,9.75,14.864705882352942,1.5795121477792045
BaTiO3,none,10.0,14.823529411764708,1.56010958440475
BaTiO3,none,10.25,14.78235294117647,1.5409360606451252
BaTiO3,none,10.5,14.741176470588236,1.521988591949064
BaTiO3,none,10.75,14.700000000000001,1.503264242046235
BaTiO3,none,11.0,14.658823529411768,1.4847601219748752
BaTiO3,none,11.25,14.617647058823529,1.4664733891328359
BaTiO3,none,11.5,14.576470588235296,1.448401246351369
BaTiO3,none,11.75,14.53529411764706,1.4305409409910346
BaTiO3,none,12.0,14.494117647058825,1.4128897640591167
BaTiO3,none,12.25,14.452941176470588,1.3954450493479387
BaTiO3,none,12.5,14.411764705882353,1.3782041725935228
BaTiO3,none,12.75,14.37058823529412,1.361164550654014
BaTiO3,none,13.0,14.329411764705883,1.3443236407073489
BaTiO3,none,13.25,14.288235294117648,1.3276789394676327
BaTiO3,none,13.5,14.247058823529414,1.3112279824197213
BaTiO3,none,13.750000000000002,14.205882352941178,1.2949683430715175
BaTiO3,none,14.000000000000002,14.164705882352942,1.2788976322235028
BaTiO3,none,14.250000000000002,14.123529411764705,1.2630134972550504
BaTiO3,none,14.499999999999998,14.082352941176472,1.2473136214270562
BaTiO3,none,14.75,14.041176470588237,1.2317957232004688
BaTiO3,none,15.0,14.0,1.216457555570295
BaTiO3,none,15.25,13.958823529411767,1.2012969054146634
BaTiO3,none,15.5,13.91764705882353,1.186311592858558
BaTiO3,none,15.75,13.876470588235296,1.171499470651835
BaTiO3,none,16.0,13.83529411764706,1.1568584235611568
BaTiO3,none,16.25,13.794117647058826,1.142386367775465
BaTiO3,none,16.5,13.752941176470587,1.1280812503246616
BaTiO3,none,16.75,13.711764705882354,1.1139410485111427
BaTiO3,none,17.0,13.670588235294119,1.099963769353862
BaTiO3,none,17.25,13.629411764705884,1.0861474490445986
BaTiO3,none,17.5,13.588235294117649,1.0724901524161234
BaTiO3,none,17.75,13.547058823529413,1.058989972421955
BaTiO3,none,18.0,13.505882352941178,1.0456450296274136
BaTiO3,none,18.25,13.464705882352941,1.0324534717116933
BaTiO3,none,18.5,13.423529411764706,1.0194134729806663
BaTiO3,none,18.75,13.382352941176473,1.0065232338901542
BaTiO3,none,19.0,13.341176470588238,0.9937809805794083
BaTiO3,none,19.25,13.300000000000002,0.9811849644145405
BaTiO3,none,19.5,13.258823529411764,0.9687334615416587
BaTiO3,none,19.75,13.21764705882353,0.9564247724494683
BaTiO3,none,20.0,13.176470588235295,0.9442572215411044
BaTiO3,weak,0.0,16.47058823529412,2.5532200369678404
BaTiO3,weak,0.25,16.692136411694474,2.603206176406978
BaTiO3,weak,0.5,16.891414017005584,2.64630022334945
BaTiO3,weak,0.75,17.07025014569949,2.6829762890555964
BaTiO3,weak,1.0,17.230323773046422,2.713697120009001
BaTiO3,weak,1.25,17.37317606764209,2.7389098075268836
BaTiO3,weak,1.5,17.500221694720658,2.7590427657712278
BaTiO3,weak,1.7500000000000002,17.612759192925413,2.7745037182339303
BaTiO3,weak,2.0,17.711980500440667,2.785678480199498
BaTiO3,weak,2.25,17.798979700173934,2.7929303638903336
BaTiO3,weak,2.5,17.874761047971386,2.796600065364958
BaTiO3,weak,2.75,17.940246342610568,2.797005918929008
BaTiO3,weak,3.0,17.996281691503953,2.7944444267982034
BaTiO3,weak,3.25,18.0436437216304,2.789190989826056
BaTiO3,weak,3.5000000000000004,18.083045281156185,2.781500779945497
BaTiO3,weak,3.75,18.115140673484458,2.771609707130035
BaTiO3,weak,4.0,18.14053046205286,2.7597354436184593
BaTiO3,weak,4.25,18.159765881060974,2.746078476253038
BaTiO3,weak,4.5,18.173352884427175,2.7308231643734016
BaTiO3,weak,4.75,18.181755862628687,2.714138786052684
BaTiO3,weak,5.0,18.18540105464951,2.6961805597789477
BaTiO3,weak,5.25,18.184679680030552,2.677090632156231
BaTiO3,weak,5.5,18.17995081396839,2.656999024976854
BaTiO3,weak,5.75,18.17154402652934,2.6360245372254902
BaTiO3,weak,6.0,18.1597618053191,2.614275599319387
BaTiO3,weak,6.25,18.14488177936374,2.5918510782539146
BaTiO3,weak,6.5,18.127158760502525,2.568841033378922
BaTiO3,weak,6.75,18.106826617257614,2.5453274233377874
BaTiO3,weak,7.000000000000001,18.08409999491893,2.5213847653053367
BaTiO3,weak,7.249999999999999,18.059175894456647,2.497080748102744
BaTiO3,weak,7.5,18.032235121840124,2.472476801079535
BaTiO3,weak,7.75,18.003443618392748,2.4476286208612748
BaTiO3,weak,8.0,17.972953681941252,2.422586658188573
BaTiO3,weak,8.25,17.94090508771761,2.3973965671359396
BaTiO3,weak,8.5,17.90742611723776,2.3720996190127006
BaTiO3,weak,8.75,17.872634502706696,2.346733083223883
BaTiO3,weak,9.0,17.836638293880807,2.3213305773164885
BaTiO3,weak,9.25,17.79953665374984,2.295922388363285
BaTiO3,weak,9.5,17.761420588879403,2.2705357677484077
BaTiO3,weak,9.75,17.722373619775578,2.2451952013212595
BaTiO3,weak,10.0,17.68247239619403,2.219922656781657
BaTiO3,weak,10.25,17.64178726191188,2.194737810052433
BaTiO3,weak,10.5,17.6003827731102,2.1696582522883725
BaTiO3,weak,10.75,17.55831817417487,2.1446996790642037
BaTiO3,weak,11.0,17.51564783441104,2.1198760631805005
BaTiO3,weak,11.25,17.472421648879784,2.095199812426005
BaTiO3,weak,11.5,17.428685406302467,2.0706819135385524
BaTiO3,weak,11.75,17.38448112673638,2.046332063515014
BaTiO3,weak,12.0,17.33984737150372,2.0221587893337696
BaTiO3,weak,12.25,17.294819527652127,1.9981695570712301
BaTiO3,weak,12.5,17.249430069038148,1.9743708713169985
BaTiO3,weak,12.75,17.20370879595331,1.9507683657202226
BaTiO3,weak,13.0,17.157683055055074,1.9273668854325734
BaTiO3,weak,13.25,17.11137794122016,1.9041705621507568
BaTiO3,weak,13.5,17.064816482805153,1.8811828824035133
BaTiO3,weak,13.750000000000002,17.018019811677167,1.858406749674309
BaTiO3,weak,14.000000000000002,16.97100731926588,1.8358445409013455
BaTiO3,weak,14.250000000000002,16.92379679978507,1.813498157850605
BaTiO3,weak,14.499999999999998,16.87640458167788,1.791369073815453
BaTiO3,weak,14.75,16.8288456482534,1.7694583760574742
BaTiO3,weak,15.0,16.78113374840256,1.7477668043674142
BaTiO3,weak,15.25,16.733281498208687,1.7262947860923248
BaTiO3,weak,15.5,16.68530047420084,1.7050424679448755
BaTiO3,weak,15.75,16.63720129893686,1.6840097448831746
BaTiO3,weak,16.0,16.58899371954648,1.6631962863241954
BaTiO3,weak,16.25,16.54068667981316,1.6426015599306614
BaTiO3,weak,16.5,16.49228838632573,1.6222248531901673
BaTiO3,weak,16.75,16.443806369187403,1.6020652929858736
BaTiO3,weak,17.0,16.395247537729478,1.5821218633404213
BaTiO3,weak,17.25,16.346618231640576,1.5623934214985964
BaTiO3,weak,17.5,16.297924267888202,1.5428787124994399
BaTiO3,weak,17.75,16.24917098377875,1.5235763823750954
BaTiO3,weak,18.0,16.200363276473382,1.5044849901013395
BaTiO3,weak,18.25,16.15150563925135,1.4856030184135858
BaTiO3,weak,18.5,16.10260219478816,1.4669288835918777
BaTiO3,weak,18.75,16.053656725694214,1.4484609443091068
BaTiO3,weak,19.0,16.00467270253915,1.4301975096281943
BaTiO3,weak,19.25,15.955653309568829,1.412136846226227
BaTiO3,weak,19.5,15.90660146830474,1.394277184916515
BaTiO3,weak,19.75,15.857519859199966,1.3766167265330858
BaTiO3,weak,20.0,15.808410941511763,1.3591536472363281
BaTiO3,nominal,0.0,16.47058823529412,2.5532200369678404
BaTiO3,nominal,0.25,17.348948029165946,2.8121016012536666
BaTiO3,nominal,0.5,18.14936082422544,3.055130525584622
BaTiO3,nominal,0.75,18.87822845112468,3.2814027572377054
BaTiO3,nominal,1.0,19.541427323309527,3.490495325494815
BaTiO3,nominal,1.25,20.14435153086495,3.6823568443629338
BaTiO3,nominal,1.5,20.69195240211053,3.857218782114345
BaTiO3,nominal,1.7500000000000002,21.18877482229777,4.0155238323878875
BaTiO3,nominal,2.0,21.638990575071748,4.15786834701237
BaTiO3,nominal,2.25,22.046428950608767,4.284956311217845
BaTiO3,nominal,2.5,22.414604844370434,4.397562774934967
BaTiO3,nominal,2.75,22.74674455207816,4.496505014005201
BaTiO3,nominal,3.0,23.045809449675613,4.582619994481171
BaTiO3,nominal,3.25,23.314517731588737,4.656746961922251
BaTiO3,nominal,3.5000000000000004,23.55536436639959,4.71971418413879
BaTiO3,nominal,3.75,23.77063941601913,4.77232904726201
BaTiO3,nominal,4.0,23.96244485247911,4.815370847196262
BaTiO3,nominal,4.25,24.132709995478113,4.849585736351164
BaTiO3,nominal,4.5,24.283205683730408,4.875683383141753
BaTiO3,nominal,4.75,24.41555728390628,4.894334982494505
BaTiO3,nominal,5.0,24.53125663244976,4.906172322346424
BaTiO3,nominal,5.25,24.63167299775399,4.9117876662412305
BaTiO3,nominal,5.5,24.718063143007008,4.911734257582693
BaTiO3,nominal,5.75,24.791580563440903,4.906527288543115
BaTiO3,nominal,6.0,24.853283965675676,4.896645207412304
BaTiO3,nominal,6.25,24.904145051302493,4.882531263447196
BaTiO3,nominal,6.5,24.94505566175883,4.86459520899196
BaTiO3,nominal,6.75,24.97683433687224,4.84321509557007
BaTiO3,nominal,7.000000000000001,25.000232335157424,4.818739114458892
BaTiO3,nominal,7.249999999999999,25.015939160010035,4.791487443487284
BaTiO3,nominal,7.5,25.024587632322774,4.761754070899979
BaTiO3,nominal,7.75,25.026758546727564,4.729808574483776
BaTiO3,nominal,8.0,25.022984945617907,4.695897840061206
BaTiO3,nominal,8.25,25.01375604230575,4.6602477081849445
BaTiO3,nominal,8.5,24.999520822096862,4.6230645416248555
BaTiO3,nominal,8.75,24.98069134770873,4.584536709205327
BaTiO3,nominal,9.0,24.957645793288695,4.544835983870221
BaTiO3,nominal,9.25,24.930731229300928,4.5041188546464195
BaTiO3,nominal,9.5,24.900266178724976,4.462527753544678
BaTiO3,nominal,9.75,24.866542963332158,4.420192199459676
BaTiO3,nominal,10.0,24.82982985726733,4.3772298618778755
BaTiO3,nominal,10.25,24.790373063750394,4.333747547726752
BaTiO3,nominal,10.5,24.748398529415113,4.289842115048052
BaTiO3,nominal,10.75,24.70411360961206,4.2456013173878295
BaTiO3,nominal,11.0,24.657708596909227,4.201104582897184
BaTiO3,nominal,11.25,24.609358124020428,4.156423732155033
BaTiO3,nominal,11.5,24.559222451470394,4.1116236386771625
BaTiO3,nominal,11.75,24.50744864945967,4.066762835980948
BaTiO3,nominal,12.0,24.454171682615947,4.02189407494504
BaTiO3,nominal,12.25,24.399515405605978,3.977064835048636
BaTiO3,nominal,12.5,24.34359347692764,3.9323177929037967
BaTiO3,nominal,12.75,24.2865101976013,3.887691251313111
BaTiO3,nominal,13.0,24.228361280928045,3.8432195318991793
BaTiO3,nominal,13.25,24.169234558976452,3.798933334165489
BaTiO3,nominal,13.5,24.109210630994497,3.75486006366356
BaTiO3,nominal,13.750000000000002,24.048363458517148,3.711024131760947
BaTiO3,nominal,14.000000000000002,23.98676091154823,3.6674472293303255
BaTiO3,nominal,14.250000000000002,23.924465269835974,3.6241485765127894
BaTiO3,nominal,14.499999999999998,23.861533682931398,3.581145150549228
BaTiO3,nominal,14.75,23.798018592416298,3.5384518935230482
BaTiO3,nominal,15.0,23.73396811940896,3.4960819017152214
BaTiO3,nominal,15.25,23.669426420200995,3.454046598139362
BaTiO3,nominal,15.5,23.604434012644116,3.4123558896996977
BaTiO3,nominal,15.75,23.539028075690776,3.371018310298396
BaTiO3,nominal,16.0,23.473242724295037,3.3300411511104717
BaTiO3,nominal,16.25,23.40710926169899,3.2894305791439686
BaTiO3,nominal,16.5,23.340656410963586,3.249191745110129
BaTiO3,nominal,16.75,23.27391052745002,3.2093288815421666
BaTiO3,nominal,17.0,23.20689579381788,3.1698453920219225
BaTiO3,nominal,17.25,23.1396343989773,3.1307439323004638
BaTiO3,nominal,17.5,23.07214670231458,3.092026484031373
BaTiO3,nominal,17.75,23.00445138440209,3.053694421773529
BaTiO3,nominal,18.0,22.936565585303896,3.015748573863289
BaTiO3,nominal,18.25,22.86850503149737,2.9781892777038985
BaTiO3,nominal,18.5,22.800284152346812,2.9410164299719477
BaTiO3,nominal,18.75,22.731916186988574,2.9042295321970437
BaTiO3,nominal,19.0,22.663413282416425,2.8678277321306194
BaTiO3,nominal,19.25,22.594786583490908,2.831809861283164
BaTiO3,nominal,19.5,22.526046315537176,2.796174468975551
BaTiO3,nominal,19.75,22.45720186014106,2.760919853219516
BaTiO3,nominal,20.0,22.38826182470294,2.7260440887142594
BaTiO3,strong,0.0,16.47058823529412,2.5532200369678404
BaTiO3,strong,0.25,18.699405224367435,3.266933556013982
BaTiO3,strong,0.5,20.56923171686636,3.924128686568355
BaTiO3,strong,0.75,22.13591862936902,4.51161636629624
BaTiO3,strong,1.0,23.446629243749943,5.024991475106273
BaTiO3,strong,1.25,24.541190341941977,5.465256341260061
BaTiO3,strong,1.5,25.45323324190733,5.836563915218338
BaTiO3,strong,1.7500000000000002,26.211157399469695,6.144731536690879
BaTiO3,strong,2.0,26.83894416299648,6.396281842079295
BaTiO3,strong,2.25,27.356843979449252,6.597841514910576
BaTiO3,strong,2.5,27.781956728400655,6.755780567523288
BaTiO3,strong,2.75,28.128721801661733,6.876011220549564
BaTiO3,strong,3.0,28.409331962684846,6.963890847957134
BaTiO3,strong,3.25,28.6340828380084,7.024191145003423
BaTiO3,strong,3.5000000000000004,28.81166805027847,7.061107955862912
BaTiO3,strong,3.75,28.949428446104314,7.07829468778715
BaTiO3,strong,4.0,29.05356255765764,7.07890807998665
BaTiO3,strong,4.25,29.12930432690578,7.065659089703636
BaTiO3,strong,4.5,29.18107318391705,7.040864368012282
BaTiO3,strong,4.75,29.212600778968724,7.006495618278601
BaTiO3,strong,5.0,29.227037999568697,6.964225336995944
BaTiO3,strong,5.25,29.227045338838412,6.915468222619705
BaTiO3,strong,5.5,29.214869204835434,6.86141803725679
BaTiO3,strong,5.75,29.192406357671363,6.803080011758868
BaTiO3,strong,6.0,29.16125832117863,6.741299061304172
BaTiO3,strong,6.25,29.122777328660828,6.676784170209663
BaTiO3,strong,6.5,29.078105119706002,6.610129341760621
BaTiO3,strong,6.75,29.028205700204616,6.541831511802086
BaTiO3,strong,7.000000000000001,28.97389300473127,6.472305807483176
BaTiO3,strong,7.249999999999999,28.91585425436717,6.40189850400571
BaTiO3,strong,7.5,28.85466967967725,6.3308979984378615
BaTiO3,strong,7.75,28.790829174378423,6.25954408437445
BaTiO3,strong,8.0,28.7247463572606,6.188035776756179
BaTiO3,strong,8.25,28.656770445630162,6.116537903821169
BaTiO3,strong,8.5,28.58719628080929,6.045186653633335
BaTiO3,strong,8.75,28.51627279324568,5.974094236180168
BaTiO3,strong,9.0,28.44421015004982,5.903352798669013
BaTiO3,strong,9.25,28.371185789998183,5.833037711233516
BaTiO3,strong,9.5,28.297349519138816,5.763210322566315
BaTiO3,strong,9.75,28.222827813196538,5.693920269756167
BaTiO3,strong,10.0,28.14772745022684,5.625207413554512
BaTiO3,strong,10.25,28.072138577758,5.557103459160826
BaTiO3,strong,10.5,27.99613730244052,5.489633313148851
BaTiO3,strong,10.75,27.919787876525316,5.422816219128912
BaTiO3,strong,11.0,27.843144543926783,5.356666707951786
BaTiO3,strong,11.25,27.76625309885979,5.29119539252678
BaTiO3,strong,11.5,27.689152201793252,5.226409632494041
BaTiO3,strong,11.75,27.611874490499183,5.162314089922603
BaTiO3,strong,12.0,27.534447518096254,5.098911193784143
BaTiO3,strong,12.25,27.456894545021733,5.036201528077524
BaTiO3,strong,12.5,27.379235207673503,4.9741841560656965
BaTiO3,strong,12.75,27.301486082923862,4.912856891061313
BaTiO3,strong,13.0,27.223661164717832,4.852216522499306
BaTiO3,strong,13.25,27.14577226644481,4.7922590046110916
BaTiO3,strong,13.5,27.067829360641483,4.732979613822466
BaTiO3,strong,13.750000000000002,26.989840865784597,4.6743730799982055
BaTiO3,strong,14.000000000000002,26.9118138884128,4.616433695819785
BaTiO3,strong,14.250000000000002,26.833754427534096,4.55915540788229
BaTiO3,strong,14.499999999999998,26.755667547192306,4.502531892510313
BaTiO3,strong,14.75,26.6775575221515,4.446556618802041
BaTiO3,strong,15.0,26.59942796088499,4.391222901000152
BaTiO3,strong,15.25,26.52128190940398,4.336523941944673
BaTiO3,strong,15.5,26.44312193890991,4.28245286907551
BaTiO3,strong,15.75,26.364950219790508,4.229002764212083
BaTiO3,strong,16.0,26.286768584086477,4.176166688136281
BaTiO3,strong,16.25,26.20857857822505,4.123937700836859
BaTiO3,strong,16.5,26.130381507536452,4.072308878132669
BaTiO3,strong,16.75,26.052178473833536,4.021273325274527
BaTiO3,strong,17.0,25.973970407135184,3.970824188027062
BaTiO3,strong,17.25,25.89575809244599,3.920954661649685
BaTiO3,strong,17.5,25.817542192362385,3.8716579981269916
BaTiO3,strong,17.75,25.739323266155527,3.8229275119413364
BaTiO3,strong,18.0,25.66110178587996,3.7747565846322666
BaTiO3,strong,18.25,25.582878149971492,3.727138668347286
BaTiO3,strong,18.5,25.504652694725504,3.680067288554708
BaTiO3,strong,18.75,25.42642570398606,3.6335360460613098
BaTiO3,strong,19.0,25.34819741732462,3.5875386184539995
BaTiO3,strong,19.25,25.269968036943737,3.542068761064951
BaTiO3,strong,19.5,25.1917377335045,3.497120307543378
BaTiO3,strong,19.75,25.113506651045448,3.4526871701032418
BaTiO3,strong,20.0,25.03527491113451,3.4087633395047847
