filler,diameter_nm,interphase_pct,f_polar,abs_d33_pCN,eps_r,fom_e12,p_max_nW
BaTiO3,10.0,29.27654659930088,0.84899737272011,26.56862366394697,20.019744607790535,3.9822713715020726,11.72875732997987
BaTiO3,10.394574653722627,27.712248917396355,0.8486290781853192,26.55709821144646,19.611281192105714,4.06168783908629,11.962658134170463
BaTiO3,10.804718223181286,26.230187057334316,0.8481560763070464,26.54229603502051,19.238538746967947,4.135767967301186,12.180842121586313
BaTiO3,11.231045018329516,24.827322717815058,0.8475588515350623,26.523606412744304,18.897577796730275,4.204460509206804,12.383158357530462
BaTiO3,11.674193588234575,23.50045898379821,0.8468169452219325,26.500389109298126,18.58498109273394,4.267697692805181,12.569407236992687
BaTiO3,12.134827677491431,22.246302755100842,0.8459094779460439,26.47199072160561,18.297772190892257,4.325399818628505,12.739354025664317
BaTiO3,12.613637220374423,21.06151663130735,0.844815725918967,26.437762716993557,18.033348745584938,4.377481197748411,12.892746348819237
BaTiO3,13.11133937421563,19.94276148417944,0.8435157195364629,26.397080164317547,17.789427497633206,4.423857009204239,13.029334388107266
BaTiO3,13.628679593557754,18.886730893366458,0.8419908312768756,26.349360131723397,17.56399862448455,4.464450604553973,13.148892395232442
BaTiO3,14.166432746690221,17.890178542393567,0.840224322176697,26.29407878811781,17.35528763859507,4.499200778039605,13.251240104357535
BaTiO3,14.725404276241237,16.94993957974907,0.838201820516218,26.230786383213413,17.16172341194825,4.528068551369876,13.336262714938671
BaTiO3,15.306431405563593,16.062946851845766,0.8359117124198422,26.159119471020944,16.98191120380579,4.551043085780843,13.403928304180983
BaTiO3,15.910384392721534,15.226242816000923,0.8333454310318575,26.078809959349893,16.81460979892625,4.568146421475135,13.45430178583949
BaTiO3,16.53816783395673,14.436987846020696,0.8304976380226243,25.98969078988448,16.658712041853917,4.579436845183541,13.487554828506594
BaTiO3,17.190722018585745,13.692465552855563,0.8273662977852363,25.891698260102686,16.513228192093763,4.58501079007855,13.503971451319414
BaTiO3,17.869024337358283,12.990085659531896,0.8239526503386283,25.784871175302957,16.377271634363748,4.585003269597184,13.503949301673464
BaTiO3,18.574090746385718,12.327384893872107,0.8202610933806058,25.66934715755778,16.25004656458946,4.579586930985956,13.487996867682472
BaTiO3,19.306977288832496,11.702026294605389,0.8162989870232988,25.545356535082057,16.130837341079573,4.568969881069212,13.456727074537566
BaTiO3,20.068781676649664,11.11179726620637,0.8120763965241992,25.413214291227877,16.018999245327333,4.553392483756877,13.410847852388983
BaTiO3,20.860644934719566,10.554606664819245,0.8076057889312346,25.273310571259817,15.913950441115079,4.533123356141638,13.351150343878947
BaTiO3,21.683753109874328,10.028481151426044,0.8029016991877653,25.126100233405364,15.815164956349571,4.508454799324756,13.278495446812778
BaTiO3,22.539339047347887,9.531561008422162,0.7979803801202725,24.97209189552853,15.72216654109434,4.479697894111535,13.193799369789811
BaTiO3,23.428684237322305,9.062095581362929,0.792859449087277,24.811836877319493,15.634523278962725,4.4471774738032614,13.098018825853448
BaTiO3,24.353120734334173,8.618438478233927,0.7875575421140764,24.645918376746387,15.551842848463037,4.411227160022558,12.992136411789975
BaTiO3,25.314033152415696,8.19904263359498,0.7820939842552597,24.474941154341067,15.473768346884762,4.372184616210363,12.877146628523233
BaTiO3,26.312860738959444,7.802455323804616,0.7764884828602254,24.299521934214113,15.399974602544162,4.330387140079716,12.754042899819511
BaTiO3,27.351099530412107,7.427313201748049,0.7707608484733282,24.12028066987121,15.330164912194581,4.28616768331259,12.623805849327017
BaTiO3,28.43030459302665,7.072337404610049,0.7649307463521049,23.937832768195282,15.264068149567695,4.239851355953204,12.487393005164352
BaTiO3,29.552092352028875,6.736328775848878,0.75901748007641,23.752782317685305,15.201436198682156,4.191752445518725,12.345730020476886
BaTiO3,30.718143012686966,6.418163232276271,0.7530398074656386,23.565716327748216,15.142041672002916,4.142171957531706,12.199703429706805
BaTiO3,31.93020307691027,6.116787298714037,0.7470157880192341,23.37719995448427,15.085675878974335,4.0913956652636445,12.050154904613802
BaTiO3,33.19008795914677,5.831213825803546,0.7409626603326115,23.18777266452643,15.03214701505776,4.039692641916459,11.89787693119265
BaTiO3,34.49968470549715,5.560517900948584,0.7348967473931075,22.997945271360777,14.981278545321372,3.9873142379690947,11.743609797710334
BaTiO3,35.86095482011829,5.3038329578686145,0.728833387300437,22.80819776728426,14.932907759972641,3.9344934595353203,11.588039763818674
BaTiO3,37.275937203149375,5.060347086649303,0.7227868867534222,22.618977867812976,14.886884482085703,3.8814446997877483,11.431798269532717
BaTiO3,38.746751204561285,4.829299543348118,0.7167704945699304,22.430700183011936,14.843069910234986,3.8283637742455823,11.275462039161766
BaTiO3,40.27559979850293,4.609977456015557,0.7107963925323557,22.24374593101254,14.80133558086659,3.7754282114570175,11.119553937439706
BaTiO3,41.86477288289947,4.401712722316643,0.704875700951756,22.058463112137307,14.761562437071971,3.7227977528297274,10.964544441647309
BaTiO3,43.51665070924411,4.2038790926897915,0.6990184964983412,21.87516706688927,14.723639992018667,3.6706150186316835,10.810853603146553
BaTiO3,45.23370744772106,4.015889432083167,0.6932338400362532,21.694141347016863,14.687465576676045,3.6190063011225577,10.658853383345434
BaTiO3,47.01851489299856,3.8371931526955985,0.6875298124115942,21.51563883546871,14.652943662680268,3.568082450074133,10.508870261770841
BaTiO3,48.87374631624427,3.6672738097654642,0.6819135563626813,21.339883057938025,14.619985252237337,3.517939820352199,10.36118802692762
BaTiO3,50.80218046913023,3.5056468522512194,0.676391322941465,21.16706963557996,14.588507327887525,3.468661255577071,10.216050673417945
BaTiO3,52.80670574582636,3.351857520192029,0.6709685210482097,20.99736783515574,14.558432355765705,3.42031708602067,10.073665340990797
BaTiO3,54.890324509215574,3.2054788805959267,0.6656497688831875,20.830922179167985,14.529687836706563,3.372966122744267,9.934205242519347
BaTiO3,57.056157587810205,3.0661099938495475,0.6604389463061708,20.667854084404876,14.502205900172653,3.3266566334773375,9.797812538201393
BaTiO3,59.30744895010559,2.9333742028562475,0.6553392472650922,20.508263502648767,14.475922936539032,3.2814272888560088,9.664601122461665
BaTiO3,61.6475705633716,2.8069175373708495,0.650353231608559,20.352230542103136,14.450779263759015,3.2373080703735875,9.53465929808682
BaTiO3,64.08002744415995,2.686407226295788,0.6454828757329449,20.199817052348628,14.426718824870315,3.194321133754288,9.408052319071027
BaTiO3,66.60846290809155,2.571530311022217,0.6407296216339653,20.051068159368796,14.403688913185743,3.1524816234645825,9.284824789549834
BaTiO3,69.23666402678721,2.4619923532336276,0.6360944240359467,19.906013740419038,14.381639922354257,3.1117984357518513,9.165002911134588
BaTiO3,71.96856730011514,2.35751623092841,0.6315777953604453,19.76466983127982,14.360525118781013,3.072274928977454,9.048596575015942
BaTiO3,74.80826455225093,2.257841016759366,0.6271798483708457,19.627039960781758,14.340300434164496,3.0339095811247234,8.935601298484798
BaTiO3,77.76000906038044,2.162720933124491,0.6229003363922961,19.49311640945303,14.320924276147922,2.9966965952432703,8.826000008112945
BaTiO3,80.82822192522723,2.0719243787736237,0.6187386910582392,19.36288139076372,14.302357355295044,2.9606264542717575,8.71976467384102
BaTiO3,84.01749869294343,1.9852330220158265,0.6146940575771206,19.23630815476636,14.284562526789827,2.9256864271911125,8.616857799722782
BaTiO3,87.33261623828437,1.902440955920998,0.6107653275468371,19.11336201499514,14.267504645427975,2.8918610288260855,8.517233778152482
BaTiO3,90.77853991937558,1.8233539112054018,0.6069511693712771,18.994001300324673,14.251150432618502,2.8591324358596335,8.420840115128357
BaTiO3,94.3604310147889,1.747788522773091,0.6032500563539306,18.878178234134765,14.23546835424733,2.8274808617734575,8.327618534543655
BaTiO3,98.08365445406672,1.6755716461533348,0.5996602925589403,18.76583974360919,14.220428508374006,2.796884893497707,8.237505969701875
BaTiO3,101.95378685327302,1.606539720328378,0.5961800365409994,18.656928202341867,14.206002521839109,2.767321792560306,8.150435450274745
BaTiO3,105.97662486760709,1.5405381736852457,0.5928073230528526,18.55138210965397,14.192163454954478,2.7387677634847423,8.066336892798951
BaTiO3,110.15819387358995,1.4774208700512814,0.5895400828435494,18.44913671016284,14.178885713533301,2.7111981921068424,7.985137802576986
BaTiO3,114.50475699382812,1.4170495919847574,0.5863761606625095,18.35012455720324,14.166144967592285,2.68458785637534,7.906763894536065
BaTiO3,119.02282447787144,1.3592935586907056,0.5833133315844395,18.254276023701284,14.15391807612578,2.6589111120764004,7.831139640232019
BaTiO3,123.71916345321594,1.3040289761181256,0.5803493157685672,18.16151976405163,14.14218301741177,2.6341420557850217,7.758188747780756
BaTiO3,128.6008080610565,1.251138616968233,0.577481791762872,18.071783130461643,14.130918824363523,2.610254667201656,7.687834581074243
BaTiO3,133.67506999197062,1.2005114285058616,0.5747084084603233,17.984992547111293,14.120105524488793,2.587222932885012,7.620000524203681
BaTiO3,138.9495494373136,1.1520421662167994,0.5720267958097718,17.901073845341095,14.109724084061408,2.565020953244593,7.5546102965785344
BaTiO3,144.4321464727279,1.10563105149503,0.5694345743793529,17.819952562930336,14.099756356148564,2.543623034512079,7.491588223804617
BaTiO3,150.13107289081745,1.061183451674389,0.5669293638651476,17.741554210368147,14.090185032171652,2.5230037672707266,7.430859468972269
BaTiO3,156.0548645007075,1.0186095808410416,0.5645087906325864,17.66580450685506,14.080993596709225,2.503138092987973,7.372350228611046
BaTiO3,162.2123939129173,0.9778242199762566,0.5621704943727699,17.592629588606684,14.072166285278348,2.4840013598693984,7.315987897193211
BaTiO3,168.61288382868804,0.9387464550836283,0.559912133950578,17.52195619186515,14.063688044855427,2.4655693692323952,7.2617012037154804
BaTiO3,175.26592085367582,0.9012994320529549,0.5577313925162865,17.45371181286261,14.055544496919792,2.447818413486261,7.2094203235596215
BaTiO3,182.18146985669748,0.8654101271024095,0.5556259819473178,17.387824846821943,14.04772190282325,2.430725306700976,7.159076968524922
BaTiO3,189.369888895036,0.8310091317254681,0.5535936466819584,17.32422470792952,14.040207131306895,2.414267408651045,7.110604457643179
BaTiO3,196.8419447286611,0.7980304511458597,0.5516321670021769,17.26284193206812,14.03298762800239,2.3984226431316986,7.063937771124336
BaTiO3,204.6088289466011,0.766411315356294,0.549739361818298,17.203608263960856,14.026051386769623,2.3831695112635534,7.019013589541959
BaTiO3,212.68217472962084,0.7360920018832334,0.5479130910040976,17.146456730245877,14.01938692273563,2.3684871004272425,6.97577032014789
BaTiO3,221.07407427431235,0.707015669481802,0.546151257326956,17.09132169987886,14.012983246911412,2.354355089401716,6.934148112005786
BaTiO3,229.7970969046965,0.6791282020221329,0.5444518080140217,17.038138933144683,14.006829842273982,2.3407537502180937,6.894088861451174
BaTiO3,238.86430789846003,0.6523780618814756,0.54281273599189,16.986845620452087,14.000916641210567,2.327663947185051,6.8555362092209755
BaTiO3,248.289288056033,0.6267161522055014,0.5412320808340977,16.9373804119847,13.995234004230399,2.3150671334911097,6.818435530446422
BaTiO3,258.0861540418077,0.6020956874476102,0.5397079294477444,16.889683439188232,13.989772699857596,2.302945345743351,6.782733918568237
BaTiO3,268.2695795279727,0.578472071637271,0.5382384165277968,16.843696328987527,13.984523885625574,2.291281196761101,6.7483801641122865
BaTiO3,278.85481717262917,0.5558027838673807,0.5368217248050728,16.799362211546985,13.979479090099872,2.2800578669059566,6.715324729154408
BaTiO3,289.8577214651068,0.534047270526663,0.5354560851115449,16.756625722314226,13.974630195862188,2.269259094196396,6.683519718205525
BaTiO3,301.2947724726992,0.5131668438366499,0.5341397762844253,16.715432999018486,13.969969423393627,2.2588691634253295,6.6529188461601905
BaTiO3,313.1831005243845,0.4931245862838485,0.5328711249285151,16.67573167423353,13.965489315800014,2.248872894472505,6.623477403873783
BaTiO3,325.5405118685032,0.4738852605661736,0.531648505054436,16.637470864056468,13.961182724326516,2.2392556299796498,6.5951522218628
BaTiO3,338.38551534282334,0.45541522469955853,0.5304703376087129,16.600601153402078,13.957042794612805,2.230003222535232,6.567901632560858
BaTiO3,351.73735009693803,0.43768235195517696,0.5293350899101142,16.565074578363575,13.95306295364357,2.221102021496703,6.541685431507015
BaTiO3,365.61601440851933,0.4206559553206102,0.5282412750052601,16.530844606046962,13.949236897352622,2.2125388595613726,6.516464837793701
BaTiO3,380.04229563658816,0.4043067161992775,0.5271874509552074,16.497866112245315,13.945558578841746,2.20430103918197,6.4922024540572725
BaTiO3,395.0378013566641,0.3886066170824404,0.5261722200635703,16.466095357283493,13.942022197178312,2.1963763189100134,6.468862226255897
BaTiO3,410.6249917244294,0.3735288779459311,0.5251942280556422,16.435489960329512,13.938622186738197,2.1887528997381227,6.446409403444353
BaTiO3,426.82721311638164,0.35904789614079446,0.5242521632170171,16.406008872438417,13.935353207062803,2.1814194115021515,6.424810497724995
BaTiO3,443.66873309786064,0.3451391895626904,0.5233447554993276,16.37761234856719,13.932210133201265,2.1743648993949374,6.404033244527478
BaTiO3,461.17477677082513,0.3317793428994531,0.5224707755999048,16.35026191877349,13.929188046510719,2.16757881063533,6.384046563345802
BaTiO3,479.37156455582186,0.318945956769488,0.5216290340214244,16.323920358788104,13.926282225889468,2.161050981329016,6.364820519040236
BaTiO3,498.28635146473056,0.3066175995766429,0.5208183801169662,16.298551660130943,13.923488139419426,2.1547716235516776,6.346326283794096
BaTiO3,517.9474679231213,0.29477376191824106,0.5200377011252736,16.274120999920324,13.920801436395834,2.1487313126792045,6.328536099798131
BaTiO3,538.3843622033489,0.2833948133941555,0.5192859212004795,16.25059471050912,13.918217939723625,2.1429209749851634,6.3114232427220625
BaTiO3,559.6276445319552,0.2724619616748436,0.5185620004400732,16.22794024906582,13.915733638661125,2.137331875521537,6.294961986020394
BaTiO3,581.7091329374358,0.2619572136951859,0.5178649339144074,16.206126167203806,13.913344681892953,2.1319556062949037,6.279127566108415
BaTiO3,604.6619009070436,0.25186333885015677,0.5171937507006769,16.185122080750592,13.911047370915188,2.126784074747373,6.26389614843573
BaTiO3,628.5203269240097,0.24216383407600406,0.5165475129239084,16.16489863973643,13.908838153716818,2.1218094925486,6.2492447944760325
BaTiO3,653.320145959377,0.23284289070829078,0.5159253148071841,16.14542749867188,13.906713618742472,2.1170243647029867,6.235151429645156
BaTiO3,679.0985029955707,0.22388536301507278,0.5153262817330214,16.126681287174552,13.90467048912238,2.112421478974082,6.22159481215337
BaTiO3,705.8940086618738,0.21527673830991856,0.514749569317563,16.108633580996678,13.902705617156215,2.107993895626455,6.208554502792686
BaTiO3,733.7467970651373,0.2070031085557433,0.514194362499004,16.09125887349824,13.900815979038436,2.103734937483918,6.19601083565593
BaTiO3,762.6985859023451,0.19905114337556537,0.5136598746414365,16.0745325476026,13.898998669813212,2.099638180301507,6.183944889779864
BaTiO3,792.7927389450606,0.19140806439214675,0.513145346655141,16.058430848266763,13.897250898547947,2.0956974434478446,6.172338461702491
BaTiO3,824.0743309893666,0.18406162082282518,0.5126500461341409,16.04293085549194,13.895569983714811,2.091906780893373,6.161174038921214
BaTiO3,856.5902153685499,0.17700006626067574,0.5121732665117062,16.028010457895746,13.89395334877044,2.0882604724993588,6.150434774236814
BaTiO3,890.3890941296735,0.170212136577369,0.5117143262343482,16.013648326863134,13.892398517924411,2.0847530156019345,6.140104460966443
BaTiO3,925.5215909791355,0.16368702888682637,0.5112725679547115,15.999823891288619,13.890903112087665,2.0813791168848863,6.130167509006973
BaTiO3,962.040327106476,0.1574143815128037,0.5108473577436825,15.986517312919947,13.889464844992453,2.078133684534664,6.120608921729614
BaTiO3,1000.0,0.15138425490659024,0.5104380843219072,15.973709462309092,13.888081519475941,2.075011820670565,6.111414273684966
ZnO,10.0,29.27654659930088,0.84899737272011,26.56862366394697,11.825242718446603,6.741853652781515,19.856398037958673
ZnO,10.394574653722627,27.712248917396355,0.8486290781853192,26.55709821144646,11.825242718446603,6.736005697593084,19.83917438821634
ZnO,10.804718223181286,26.230187057334316,0.8481560763070464,26.54229603502051,11.825242718446603,6.728498871593968,19.817064960643894
ZnO,11.231045018329516,24.827322717815058,0.8475588515350623,26.523606412744304,11.825242718446601,6.719026531444682,19.78916661605767
ZnO,11.674193588234575,23.50045898379821,0.8468169452219325,26.500389109298126,11.825242718446601,6.70726874862046,19.754537087173542
ZnO,12.134827677491431,22.246302755100842,0.8459094779460439,26.47199072160561,11.825242718446603,6.692901143782004,19.7122209979765
ZnO,12.613637220374423,21.06151663130735,0.844815725918967,26.437762716993557,11.825242718446603,6.675604632038184,19.661278565888583
ZnO,13.11133937421563,19.94276148417944,0.8435157195364629,26.397080164317547,11.825242718446603,6.655075536197812,19.600815387753933
ZnO,13.628679593557754,18.886730893366458,0.8419908312768756,26.349360131723397,11.825242718446601,6.631035501296319,19.530011640530272
ZnO,14.166432746690221,17.890178542393567,0.840224322176697,26.29407878811781,11.825242718446601,6.603240669627925,19.448149103989152
ZnO,14.725404276241237,16.94993957974907,0.838201820516218,26.230786383213413,11.825242718446601,6.5714896445828845,19.354634616152797
ZnO,15.306431405563593,16.062946851845766,0.8359117124198422,26.159119471020944,11.825242718446601,6.5356298731073315,19.249018871189985
ZnO,15.910384392721534,15.226242816000923,0.8333454310318575,26.078809959349893,11.825242718446603,6.4955621977758335,19.13100982637637
ZnO,16.53816783395673,14.436987846020696,0.8304976380226243,25.98969078988448,11.825242718446601,6.451243457249722,19.000480361076512
ZnO,17.190722018585745,13.692465552855563,0.8273662977852363,25.891698260102686,11.825242718446601,6.402687136533053,18.85747019190573
ZnO,17.869024337358283,12.990085659531896,0.8239526503386283,25.784871175302957,11.825242718446603,6.34996217654829,18.70218236664109
ZnO,18.574090746385718,12.327384893872107,0.8202610933806058,25.66934715755778,11.825242718446601,6.293190139684757,18.53497491607252
ZnO,19.306977288832496,11.702026294605389,0.8162989870232988,25.545356535082057,11.825242718446601,6.232540990710487,18.356348427762484
ZnO,20.068781676649664,11.11179726620637,0.8120763965241992,25.413214291227877,11.825242718446603,6.168227790132182,18.166930416700932
ZnO,20.860644934719566,10.554606664819245,0.8076057889312346,25.273310571259817,11.825242718446601,6.1005006113376234,17.967457409810926
ZnO,21.683753109874328,10.028481151426044,0.8029016991877653,25.126100233405364,11.825242718446601,6.029639986868139,17.758755643627687
ZnO,22.539339047347887,9.531561008422162,0.7979803801202725,24.97209189552853,11.825242718446603,5.955950167106855,17.541721209496682
ZnO,23.428684237322305,9.062095581362929,0.792859449087277,24.811836877319493,11.825242718446601,5.879752441055124,17.317300381636343
ZnO,24.353120734334173,8.618438478233927,0.7875575421140764,24.645918376746387,11.825242718446603,5.801378728110756,17.086470743367045
ZnO,25.314033152415696,8.19904263359498,0.7820939842552597,24.474941154341067,11.825242718446603,5.7211656058032805,16.85022359733955
ZnO,26.312860738959444,7.802455323804616,0.7764884828602254,24.299521934214113,11.825242718446603,5.6394488945569625,16.609548016345524
ZnO,27.351099530412107,7.427313201748049,0.7707608484733282,24.12028066987121,11.825242718446603,5.556558879252548,16.36541676965526
ZnO,28.43030459302665,7.072337404610049,0.7649307463521049,23.937832768195282,11.825242718446605,5.472816210389647,16.11877425094429
ZnO,29.552092352028875,6.736328775848878,0.75901748007641,23.752782317685305,11.8252427184466,5.388528496063999,15.870526440838047
ZnO,30.718143012686966,6.418163232276271,0.7530398074656386,23.565716327748216,11.825242718446601,5.303987570226058,15.621532861269154
ZnO,31.93020307691027,6.116787298714037,0.7470157880192341,23.37719995448427,11.825242718446603,5.219467402772755,15.372600420189636
ZnO,33.19008795914677,5.831213825803546,0.7409626603326115,23.18777266452643,11.825242718446603,5.135222602594691,15.124479002681008
ZnO,34.49968470549715,5.560517900948584,0.7348967473931075,22.997945271360777,11.825242718446603,5.051487455184158,14.877858636475827
ZnO,35.86095482011829,5.3038329578686145,0.728833387300437,22.80819776728426,11.825242718446601,4.968475431105114,14.633368044282381
ZnO,37.275937203149375,5.060347086649303,0.7227868867534222,22.618977867812976,11.825242718446601,4.886379099788535,14.39157438989097
ZnO,38.746751204561285,4.829299543348118,0.7167704945699304,22.430700183011936,11.825242718446603,4.805370384008735,14.15298402766857
ZnO,40.27559979850293,4.609977456015557,0.7107963925323557,22.24374593101254,11.825242718446605,4.725601093335275,13.918044073704369
ZnO,41.86477288289947,4.401712722316643,0.704875700951756,22.058463112137307,11.825242718446605,4.647203679232911,13.687144629762724
ZnO,43.51665070924411,4.2038790926897915,0.6990184964983412,21.87516706688927,11.825242718446603,4.570292159781501,13.460621506808055
ZnO,45.23370744772106,4.015889432083167,0.6932338400362532,21.694141347016863,11.825242718446603,4.494963167782973,13.23875931193471
ZnO,47.01851489299856,3.8371931526955985,0.6875298124115942,21.51563883546871,11.825242718446603,4.421297081976722,13.021794780071303
ZnO,48.87374631624427,3.6672738097654642,0.6819135563626813,21.339883057938025,11.825242718446601,4.3493592069426805,12.809920249082108
ZnO,50.80218046913023,3.5056468522512194,0.676391322941465,21.16706963557996,11.825242718446603,4.27920097284844,12.603287193314022
ZnO,52.80670574582636,3.351857520192029,0.6709685210482097,20.99736783515574,11.825242718446603,4.210861131368197,12.402009745868558
ZnO,54.890324509215574,3.2054788805959267,0.6656497688831875,20.830922179167985,11.825242718446601,4.144366928791337,12.206168153691898
ZnO,57.056157587810205,3.0661099938495475,0.6604389463061708,20.667854084404876,11.825242718446601,4.079735241510628,12.015812121863592
ZnO,59.30744895010559,2.9333742028562475,0.6553392472650922,20.508263502648767,11.825242718446603,4.01697366272544,11.830964014201806
ZnO,61.6475705633716,2.8069175373708495,0.650353231608559,20.352230542103136,11.825242718446601,3.95608153232898,11.651621886531537
ZnO,64.08002744415995,2.686407226295788,0.6454828757329449,20.199817052348628,11.8252427184466,3.8970509045980712,11.477762336766341
ZnO,66.60846290809155,2.571530311022217,0.6407296216339653,20.051068159368796,11.825242718446603,3.8398674505078936,11.309343162444533
ZnO,69.23666402678721,2.4619923532336276,0.6360944240359467,19.906013740419038,11.825242718446603,3.7845112932960756,11.146305821668648
ZnO,71.96856730011514,2.35751623092841,0.6315777953604453,19.76466983127982,11.825242718446601,3.7309577773451017,10.988577697651007
ZnO,74.80826455225093,2.257841016759366,0.6271798483708457,19.627039960781758,11.825242718446601,3.67917817158631,10.836074170409512
ZnO,77.76000906038044,2.162720933124491,0.6229003363922961,19.49311640945303,11.825242718446601,3.6291403094943555,10.68870050170693
ZnO,80.82822192522723,2.0719243787736237,0.6187386910582392,19.36288139076372,11.825242718446601,3.5808091683801972,10.546353541209568
ZnO,84.01749869294343,1.9852330220158265,0.6146940575771206,19.23630815476636,11.825242718446603,3.534147391139698,10.408923263163757
ZnO,87.33261623828437,1.902440955920998,0.6107653275468371,19.11336201499514,11.825242718446603,3.4891157539071873,10.276294143749276
ZnO,90.77853991937558,1.8233539112054018,0.6069511693712771,18.994001300324673,11.825242718446603,3.445673583228328,10.148346389754877
ZnO,94.3604310147889,1.747788522773091,0.6032500563539306,18.878178234134765,11.825242718446601,3.4037791264299266,10.02495702940738
ZnO,98.08365445406672,1.6755716461533348,0.5996602925589403,18.76583974360919,11.825242718446601,3.3633898788472454,9.906000876135721
ZnO,101.95378685327302,1.606539720328378,0.5961800365409994,18.656928202341867,11.825242718446603,3.324462871491592,9.791351375821888
ZnO,105.97662486760709,1.5405381736852457,0.5928073230528526,18.55138210965397,11.825242718446601,3.2869549226167196,9.68088134772515
ZnO,110.15819387358995,1.4774208700512814,0.5895400828435494,18.44913671016284,11.825242718446603,3.2508228564860135,9.574463628804605
ZnO,114.50475699382812,1.4170495919847574,0.5863761606625095,18.35012455720324,11.825242718446603,3.2160236924630867,9.471971630636954
ZnO,119.02282447787144,1.3592935586907056,0.5833133315844395,18.254276023701284,11.825242718446603,3.182514807355563,9.373279817558412
ZnO,123.71916345321594,1.3040289761181256,0.5803493157685672,18.16151976405163,11.825242718446601,3.150254073741893,9.278264114070796
ZnO,128.6008080610565,1.251138616968233,0.577481791762872,18.071783130461643,11.825242718446601,3.1191999768092686,9.186802248957612
ZnO,133.67506999197062,1.2005114285058616,0.5747084084603233,17.984992547111293,11.825242718446603,3.0893117120316225,9.098774042969485
ZnO,138.9495494373136,1.1520421662167994,0.5720267958097718,17.901073845341095,11.825242718446601,3.0605492658227345,9.014061646367193
ZnO,144.4321464727279,1.10563105149503,0.5694345743793529,17.819952562930336,11.825242718446601,3.032873481113531,8.932549732062725
ZnO,150.13107289081745,1.061183451674389,0.5669293638651476,17.741554210368147,11.825242718446603,3.00624610962578,8.854125649578043
ZnO,156.0548645007075,1.0186095808410416,0.5645087906325864,17.66580450685506,11.825242718446601,2.980629852447773,8.778679544550329
ZnO,162.2123939129173,0.9778242199762566,0.5621704943727699,17.592629588606684,11.825242718446601,2.955988390361897,8.70610444805405
ZnO,168.61288382868804,0.9387464550836283,0.559912133950578,17.52195619186515,11.8252427184466,2.9322864052291,8.636296339583403
ZnO,175.26592085367582,0.9012994320529549,0.5577313925162865,17.45371181286261,11.825242718446603,2.9094895936017915,8.569154187145633
ZnO,182.18146985669748,0.8654101271024095,0.5556259819473178,17.387824846821943,11.825242718446603,2.8875646736133627,8.50457996755233
ZnO,189.369888895036,0.8310091317254681,0.5535936466819584,17.32422470792952,11.8252427184466,2.866479386080374,8.442478669665642
ZnO,196.8419447286611,0.7980304511458597,0.5516321670021769,17.26284193206812,11.825242718446601,2.846202490650374,8.382758283052674
ZnO,204.6088289466011,0.766411315356294,0.549739361818298,17.203608263960856,11.825242718446601,2.8267037577353205,8.325329774227448
ZnO,212.68217472962084,0.7360920018832334,0.5479130910040976,17.146456730245877,11.825242718446601,2.807953956885849,8.270107052410289
ZnO,221.07407427431235,0.707015669481802,0.546151257326956,17.09132169987886,11.825242718446603,2.7899248421854574,8.217006926510152
ZnO,229.7970969046965,0.6791282020221329,0.5444518080140217,17.038138933144683,11.825242718446601,2.7725891351747634,8.165949054832419
ZnO,238.86430789846003,0.6523780618814756,0.54281273599189,16.986845620452087,11.825242718446605,2.7559205057543283,8.11685588883306
ZnO,248.289288056033,0.6267161522055014,0.5412320808340977,16.9373804119847,11.825242718446603,2.7398935514591383,8.069652612076945
ZnO,258.0861540418077,0.6020956874476102,0.5397079294477444,16.889683439188232,11.825242718446603,2.7244837754481757,8.024267075411787
ZnO,268.2695795279727,0.578472071637271,0.5382384165277968,16.843696328987527,11.825242718446601,2.7096675635085457,7.9806297292396895
ZnO,278.85481717262917,0.5558027838673807,0.5368217248050728,16.799362211546985,11.825242718446601,2.695422160334025,7.9386735536517214
ZnO,289.8577214651068,0.534047270526663,0.5354560851115449,16.756625722314226,11.825242718446603,2.6817256453030858,7.898333987088303
ZnO,301.2947724726992,0.5131668438366499,0.5341397762844253,16.715432999018486,11.825242718446601,2.66855690795021,7.859548854096254
ZnO,313.1831005243845,0.4931245862838485,0.5328711249285151,16.67573167423353,11.825242718446603,2.6558956232970816,7.822258292673183
ZnO,325.5405118685032,0.4738852605661736,0.531648505054436,16.637470864056468,11.8252427184466,2.6437222271856706,7.786404681617391
ZnO,338.38551534282334,0.45541522469955853,0.5304703376087129,16.600601153402078,11.825242718446601,2.632017891734003,7.7519325682391615
ZnO,351.73735009693803,0.43768235195517696,0.5293350899101142,16.565074578363575,11.825242718446603,2.620764501016482,7.718788596733404
ZnO,365.61601440851933,0.4206559553206102,0.5282412750052601,16.530844606046962,11.825242718446603,2.609944627054071,7.686921437464895
ZnO,380.04229563658816,0.4043067161992775,0.5271874509552074,16.497866112245315,11.8252427184466,2.599541506185002,7.656281717374263
ZnO,395.0378013566641,0.3886066170824404,0.5261722200635703,16.466095357283493,11.825242718446601,2.589539015874237,7.626821951676228
ZnO,410.6249917244294,0.3735288779459311,0.5251942280556422,16.435489960329512,11.825242718446601,2.579921652008595,7.598496476988228
ZnO,426.82721311638164,0.35904789614079446,0.5242521632170171,16.406008872438417,11.825242718446601,2.5706745067148047,7.571261385999185
ZnO,443.66873309786064,0.3451391895626904,0.5233447554993276,16.37761234856719,11.825242718446601,2.561783246729566,7.545074463764074
ZnO,461.17477677082513,0.3317793428994531,0.5224707755999048,16.35026191877349,11.825242718446603,2.5532340923432435,7.519895125688003
ZnO,479.37156455582186,0.318945956769488,0.5216290340214244,16.323920358788104,11.825242718446603,2.5450137969325914,7.495684357245089
ZnO,498.28635146473056,0.3066175995766429,0.5208183801169662,16.298551660130943,11.825242718446603,2.5371096270927502,7.472404655462366
ZnO,517.9474679231213,0.29477376191824106,0.5200377011252736,16.274120999920324,11.825242718446603,2.5295093433737748,7.450019972184178
ZnO,538.3843622033489,0.2833948133941555,0.5192859212004795,16.25059471050912,11.825242718446605,2.522201181623316,7.4284956591218485
ZnO,559.6276445319552,0.2724619616748436,0.5185620004400732,16.22794024906582,11.825242718446601,2.5151738349337482,7.407798414683559
ZnO,581.7091329374358,0.2619572136951859,0.5178649339144074,16.206126167203806,11.8252427184466,2.5084164361889427,7.387896232570382
ZnO,604.6619009070436,0.25186333885015677,0.5171937507006769,16.185122080750592,11.825242718446603,2.5019185412039646,7.368758352118563
ZnO,628.5203269240097,0.24216383407600406,0.5165475129239084,16.16489863973643,11.825242718446601,2.495670112448673,7.350355210361592
ZnO,653.320145959377,0.23284289070829078,0.5159253148071841,16.14542749867188,11.825242718446603,2.4896615033447773,7.332658395781191
ZnO,679.0985029955707,0.22388536301507278,0.5153262817330214,16.126681287174552,11.825242718446601,2.4838834431245935,7.315640603712696
ZnO,705.8940086618738,0.21527673830991856,0.514749569317563,16.108633580996678,11.825242718446603,2.4783270222386395,7.299275593366853
ZnO,733.7467970651373,0.2070031085557433,0.514194362499004,16.09125887349824,11.825242718446603,2.4729836782986045,7.2835381464284605
ZnO,762.6985859023451,0.19905114337556537,0.5136598746414365,16.0745325476026,11.825242718446601,2.46784518254127,7.2684040271893275
ZnO,792.7927389450606,0.19140806439214675,0.513145346655141,16.058430848266763,11.8252427184466,2.4629036267989655,7.253849944173083
ZnO,824.0743309893666,0.18406162082282518,0.5126500461341409,16.04293085549194,11.825242718446601,2.458151410961476,7.239853513207461
ZnO,856.5902153685499,0.17700006626067574,0.5121732665117062,16.028010457895746,11.825242718446601,2.4535812309143705,7.2263932218997375
ZnO,890.3890941296735,0.170212136577369,0.5117143262343482,16.013648326863134,11.825242718446603,2.4491860669386174,7.213448395470788
ZnO,925.5215909791355,0.16368702888682637,0.5112725679547115,15.999823891288619,11.825242718446603,2.444959172556294,7.200999163902967
ZnO,962.040327106476,0.1574143815128037,0.5108473577436825,15.986517312919947,11.825242718446603,2.440894063807472,7.18902643035796
ZnO,1000.0,0.15138425490659024,0.5104380843219072,15.973709462309092,11.825242718446603,2.4369845089433064,7.1775118408203955
