film,freq_Hz,pmax_lossless_nW,pmax_sigma1e-10_tand0.02_nW
PVDF/ZnO 10 vol%,1.0,3.5200022745768638,2.959640633028191
PVDF/ZnO 10 vol%,1.0234114021054532,3.602410463239092,3.0394815823592367
PVDF/ZnO 10 vol%,1.0473708979594496,3.6867479431428754,3.1212341973883624
PVDF/ZnO 10 vol%,1.0718913192051278,3.773059881701244,3.204942331827167
PVDF/ZnO 10 vol%,1.0969857978923836,3.8613925037597054,3.2906508823053082
PVDF/ZnO 10 vol%,1.1226677735108135,3.9517931163522064,3.378405812682024
PVDF/ZnO 10 vol%,1.1489510001873091,4.04431013403669,3.46825417891351
PVDF/ZnO 10 vol%,1.1758495540521567,4.138993104823784,3.5602441544903027
PVDF/ZnO 10 vol%,1.2033778407775895,4.235892736712509,3.654425056459102
PVDF/ZnO 10 vol%,1.2315506032928256,4.335060924847254,3.750847372043791
PVDF/ZnO 10 vol%,1.2603829296797275,4.436550779310492,3.8495627858805914
PVDF/ZnO 10 vol%,1.2898902612533087,4.540416653566192,3.9506242078827096
PVDF/ZnO 10 vol%,1.3200884008314178,4.646714173569125,4.054085801750034
PVDF/ZnO 10 vol%,1.3509935211980268,4.75550026755566,4.160003014139802
PVDF/ZnO 10 vol%,1.3826221737646558,4.866833196531996,4.268432604514448
PVDF/ZnO 10 vol%,1.414991297434576,4.980772585476174,4.379432675683234
PVDF/ZnO 10 vol%,1.4481182276745337,5.097379455270575,4.493062705054512
PVDF/ZnO 10 vol%,1.4820207057988584,5.216716255381989,4.609383576615902
PVDF/ZnO 10 vol%,1.516716888470923,5.338846897306792,4.728457613660004
PVDF/ZnO 10 vol%,1.5522253574270475,5.4638367887990915,4.850348612273603
PVDF/ZnO 10 vol%,1.5885651294280527,5.591752868900235,4.9751218756087745
PVDF/ZnO 10 vol%,1.6257556664437942,5.722663643788381,5.10284424895462
PVDF/ZnO 10 vol%,1.6638168860761289,5.856639223467367,5.233584155628835
PVDF/ZnO 10 vol%,1.7027691722259,5.993751359314531,5.367411633708679
PVDF/ZnO 10 vol%,1.7426333860096501,6.134073482507549,5.504398373621365
PVDF/ZnO 10 vol%,1.7834308769319094,6.277680743350932,5.644617756614349
PVDF/ZnO 10 vol%,1.8251834943190435,6.424650051523181,5.788144894126373
PVDF/ZnO 10 vol%,1.8679135990207825,6.57506011726621,5.935056668080727
PVDF/ZnO 10 vol%,1.9116440753857022,6.7289914935390565,6.085431772122491
PVDF/ZnO 10 vol%,1.956398343517064,6.886526619158471,6.239350753822142
PVDF/ZnO 10 vol%,2.0022003718155847,7.0477498629495,6.396896057868383
PVDF/ZnO 10 vol%,2.049074689815847,7.212747568929662,6.558152070273502
PVDF/ZnO 10 vol%,2.0970464013232326,7.381608102551003,6.723205163615217
PVDF/ZnO 10 vol%,2.146141197858404,7.554421898024698,6.892143743339379
PVDF/ZnO 10 vol%,2.1963853724165463,7.731281506753592,7.0650582951485354
PVDF/ZnO 10 vol%,2.2478058335487257,7.912281646898658,7.242041433501944
PVDF/ZnO 10 vol%,2.3004301197729182,8.0975192541058,7.423187951253109
PVDF/ZnO 10 vol%,2.3542864143224174,8.287093533420316,7.608594870451663
PVDF/ZnO 10 vol%,2.409403560239525,8.48110601241672,7.798361494336882
PVDF/ZnO 10 vol%,2.4658110758226033,8.679660595572386,7.992589460550841
PVDF/ZnO 10 vol%,2.5235391704347663,8.882863619914188,8.19138279559984
PVDF/ZnO 10 vol%,2.582618760682676,9.090823911967897,8.39484797059339
PVDF/ZnO 10 vol%,2.643081486974105,9.30365284604085,8.603093958290739
PVDF/ZnO 10 vol%,2.704959730463135,9.521464403869057,8.816232291485528
PVDF/ZnO 10 vol%,2.768286630392066,9.74437523566079,9.034377122760036
PVDF/ZnO 10 vol%,2.8330961018393244,9.972504722569267,9.257645285641088
PVDF/ZnO 10 vol%,2.899422853882877,10.205975040627866,9.486156357190376
PVDF/ZnO 10 vol%,2.967302408188869,10.444911226182224,9.72003272206294
PVDF/ZnO 10 vol%,3.036771118035458,10.689441242854137,9.959399638068094
PVDF/ZnO 10 vol%,3.107866187782013,10.939696050073213,10.20438530326799
PVDF/ZnO 10 vol%,3.180625692794119,11.195809673212912,10.45512092464988
PVDF/ZnO 10 vol%,3.2550885998350583,11.457919275368623,10.711740788408843
PVDF/ZnO 10 vol%,3.3312947879346733,11.726165230816099,10.974382331878735
PVDF/ZnO 10 vol%,3.409285069746812,12.000691200189719,11.24318621714992
PVDF/ZnO 10 vol%,3.489101213406773,12.281644207420738,11.518296406413246
PVDF/ZnO 10 vol%,3.5707859649004634,12.569174718476773,11.799860239070673
PVDF/ZnO 10 vol%,3.6543830709572562,12.863436721944726,12.088028510653956
PVDF/ZnO 10 vol%,3.739937302478798,13.16458781150023,12.382955553593579
PVDF/ZnO 10 vol%,3.827494478516312,13.472789270307803,12.68479931988129
PVDF/ZnO 10 vol%,3.9171014908092596,13.788206157397015,12.993721465670644
PVDF/ZnO 10 vol%,4.008806328898466,14.111007396060725,13.309887437860679
PVDF/ZnO 10 vol%,4.102658105827192,14.441365864322922,13.63346656270935
PVDF/ZnO 10 vol%,4.19870708444391,14.779458487524552,13.964632136524088
PVDF/ZnO 10 vol%,4.297004704320841,15.125466333076842,14.30356151847808
PVDF/ZnO 10 vol%,4.39760360930272,15.479574707433004,14.65043622560208
PVDF/ZnO 10 vol%,4.500557675700499,15.84197325533012,15.005442030002555
PVDF/ZnO 10 vol%,4.605922041145106,16.212856061354483,15.368769058358373
PVDF/ZnO 10 vol%,4.713753134116724,16.592421753884686,15.740611893749223
PVDF/ZnO 10 vol%,4.82410870416537,16.980873611468148,16.121169679870366
PVDF/ZnO 10 vol%,4.937047852839003,17.37841967168811,16.5106462276896
PVDF/ZnO 10 vol%,5.052631065335681,17.785272842579314,16.9092501246035
PVDF/ZnO 10 vol%,5.170920242896758,18.20165101665213,17.317194846151477
PVDF/ZnO 10 vol%,5.291978735958442,18.627777187586112,17.734698870347447
PVDF/ZnO 10 vol%,5.415871378079472,19.063879569655473,18.16198579469035
PVDF/ZnO 10 vol%,5.542664520663106,19.510191719950612,18.59928445591631
PVDF/ZnO 10 vol%,5.672426068491979,19.96695266346086,19.046829052556415
PVDF/ZnO 10 vol%,5.8052255160948985,20.43440702108569,19.504859270365902
PVDF/ZnO 10 vol%,5.941133984965034,20.912805140642828,19.973620410691854
PVDF/ZnO 10 vol%,6.080224261649424,21.402403230943403,20.453363521848217
PVDF/ZnO 10 vol%,6.22257083673023,21.90346349900607,20.944345533568477
PVDF/ZnO 10 vol%,6.368249944718587,22.41625429048341,21.44682939460802
PVDF/ZnO 10 vol%,6.517339604882424,22.94105023337601,21.961084213569883
PVDF/ZnO 10 vol%,6.669919663030122,23.47813238511097,22.487385403029297
PVDF/ZnO 10 vol%,6.82607183427239,24.02778838306388,23.026014827034306
PVDF/ZnO 10 vol%,6.985879746785248,24.590312598604513,23.577260952061263
PVDF/ZnO 10 vol%,7.149428986597578,25.16600629474923,24.141419001506414
PVDF/ZnO 10 vol%,7.316807143427196,25.75517778750398,24.718791113795838
PVDF/ZnO 10 vol%,7.488103857590023,26.35814261098467,25.30968650419885
PVDF/ZnO 10 vol%,7.663410868007459,26.97522368640331,25.914421630431292
PVDF/ZnO 10 vol%,7.84282206133768,27.606751495010233,26.533320362137513
PVDF/ZnO 10 vol%,8.026433522257175,28.253064255085242,27.16671415434177
PVDF/ZnO 10 vol%,8.214343584919426,28.914508103072254,27.814942224961875
PVDF/ZnO 10 vol%,8.406652885618325,29.591437278954647,28.47835173648033
PVDF/ZnO 10 vol%,8.603464416684504,30.284214315970562,29.157297981870208
PVDF/ZnO 10 vol%,8.804883581643463,30.993210234769474,29.852144574875062
PVDF/ZnO 10 vol%,9.011018251665021,31.718804742114507,30.56326364474531
PVDF/ZnO 10 vol%,9.221978823334327,32.461386434236495,31.291036035534887
PVDF/ZnO 10 vol%,9.437878277775381,33.2213530049489,32.03585151006524
PVDF/ZnO 10 vol%,9.658832241158704,33.99911145863497,32.7981089586657
PVDF/ZnO 10 vol%,9.884959046625584,34.7950783282212,33.5782166128021
PVDF/ZnO 10 vol%,10.11637979766207,35.609679898253916,34.376592263708055
PVDF/ZnO 10 vol%,10.353218432956622,36.44335243319843,35.193663486136124
PVDF/ZnO 10 vol%,10.59560179277616,37.296542411082775,36.029867867348266
PVDF/ZnO 10 vol%,10.843659686896103,38.169706762611725,36.88565324146883
PVDF/ZnO 10 vol%,11.097524964120721,39.06331311587846,37.76147792932512
PVDF/ZnO 10 vol%,11.357333583431052,39.97784004680549,38.65781098390408
PVDF/ZnO 10 vol%,11.623224686798524,40.913777335448756,39.57513244155686
PVDF/ZnO 10 vol%,11.895340673703195,41.87162622830193,40.513933579085226
PVDF/ZnO 10 vol%,12.173827277396613,42.85189970674194,41.47471717684813
PVDF/ZnO 10 vol%,12.458833642950081,43.85512276175904,42.45799778802893
PVDF/ZnO 10 vol%,12.750512407130135,44.881832675118595,43.46430201420754
PVDF/ZnO 10 vol%,13.049019780144022,45.93257930710545,44.49416878738524
PVDF/ZnO 10 vol%,13.354515629298987,47.00792539100471,45.548149658613056
PVDF/ZnO 10 vol%,13.667163564620067,48.108446834476666,46.62680909337831
PVDF/ZnO 10 vol%,13.987131026472387,49.23473302798741,47.730724773907575
PVDF/ZnO 10 vol%,14.314589375234792,50.38738716046027,48.86048790854791
PVDF/ZnO 10 vol%,14.649713983072855,51.56702654231694,50.01670354839202
PVDF/ZnO 10 vol%,14.992684327860456,52.77428293608169,51.19999091131713
PVDF/ZnO 10 vol%,15.343684089300124,54.00980289472526,52.410983713610726
PVDF/ZnO 10 vol%,15.702901247293775,55.27424810792997,53.65033050936107
PVDF/ZnO 10 vol%,16.070528182616393,56.56829575646129,54.91869503779422
PVDF/ZnO 10 vol%,16.446761779946634,57.89263887483597,56.21675657874357
PVDF/ZnO 10 vol%,16.831803533309568,59.24798672248057,57.54521031644216
PVDF/ZnO 10 vol%,17.225859653987865,60.63506516357909,58.90476771183243
PVDF/ZnO 10 vol%,17.62914118095948,62.05461705581401,60.29615688359369
PVDF/ZnO 10 vol%,18.041864093920726,63.50740264820761,61.72012299808998
PVDF/ZnO 10 vol%,18.464249428955434,64.99419998827769,63.177428668448385
PVDF/ZnO 10 vol%,18.896523396912094,66.5158053387255,64.6688543629811
PVDF/ZnO 10 vol%,19.33891750455231,68.07303360387844,66.19519882316938
PVDF/ZnO 10 vol%,19.791668678535572,69.66671876611687,67.75727949143453
PVDF/ZnO 10 vol%,20.255019392306675,71.29771433251798,69.35593294892367
PVDF/ZnO 10 vol%,20.72921779595371,72.96689379195625,70.99201536354559
PVDF/ZnO 10 vol%,21.214517849106297,74.67515108290564,72.66640294849671
PVDF/ZnO 10 vol%,21.711179456945043,76.42340107219302,74.37999243152166
PVDF/ZnO 10 vol%,22.21946860939524,78.21258004496046,76.13370153516118
PVDF/ZnO 10 vol%,22.739657523579286,80.04364620609799,77.9284694682437
PVDF/ZnO 10 vol%,23.272024789604085,81.91758019341553,79.76525742888394
PVDF/ZnO 10 vol%,23.81685551976158,83.83538560282929,81.64504911925819
PVDF/ZnO 10 vol%,24.374441501222204,85.79808952584285,83.5688512724314
PVDF/ZnO 10 vol%,24.945081352303166,87.80674309961205,85.537694191519
PVDF/ZnO 10 vol%,25.52908068239518,89.86242206988729,87.55263230147138
PVDF/ZnO 10 vol%,26.126752255633278,91.96622736713533,89.61474471377753
PVDF/ZnO 10 vol%,26.738416158399467,94.11928569614889,91.72513580438914
PVDF/ZnO 10 vol%,27.364399970746703,96.32275013945946,93.88493580517525
PVDF/ZnO 10 vol%,28.00503894183631,98.57780077487746,96.09530140922472
PVDF/ZnO 10 vol%,28.660676169482517,100.88564530748936,98.35741639031944
PVDF/ZnO 10 vol%,29.331662783900438,103.24751971645108,100.67249223691124
PVDF/ZnO 10 vol%,30.01835813575589,105.66468891692362,103.04176880094164
PVDF/ZnO 10 vol%,30.721129988617577,108.13844743750536,105.46651496185112
PVDF/ZnO 10 vol%,31.440354715915,110.67012011352423,107.94802930613506
PVDF/ZnO 10 vol%,32.17641750250737,113.26106279656071,110.48764082280884
PVDF/ZnO 10 vol%,32.929712550971516,115.91266308058202,113.08670961515581
PVDF/ZnO 10 vol%,33.700643292719285,118.62634104507539,115.74662762913775
PVDF/ZnO 10 vol%,34.48962260405758,121.4035500155803,118.46881939886015
PVDF/ZnO 10 vol%,35.2970730273065,124.24577734202454,121.25474280948869
PVDF/ZnO 10 vol%,36.12342699709432,127.15454519528328,124.1058898780285
PVDF/ZnO 10 vol%,36.96912707195028,130.1314113823861,127.02378755238203
PVDF/ZnO 10 vol%,37.83462617131929,133.17797018080927,130.0099985291147
PVDF/ZnO 10 vol%,38.72038781812555,136.2958531923002,133.066122090366
PVDF/ZnO 10 vol%,39.626886387014785,139.486730216691,136.1937949603539
PVDF/ZnO 10 vol%,40.5546073584083,142.75231014616878,139.39469218193162
PVDF/ZnO 10 vol%,41.50404757850477,146.09434188048314,142.6705280136669
PVDF/ZnO 10 vol%,42.47571552536898,149.51461526357863,146.02305684792208
PVDF/ZnO 10 vol%,43.47013158125024,153.01496204215638,149.4540741504295
PVDF/ZnO 10 vol%,44.487828311275855,156.59725684667598,152.96541742186298
PVDF/ZnO 10 vol%,45.5293507486695,160.26341819532448,156.55896718192164
PVDF/ZnO 10 vol%,46.59525668664682,164.0154095214896,160.236647976453
PVDF/ZnO 10 vol%,47.68611697714469,167.85524022528767,164.00042940815433
PVDF/ZnO 10 vol%,48.80251583654431,171.78496674970935,167.85232719140464
PVDF/ZnO 10 vol%,49.9450511585514,175.80669368195873,171.79440423179162
PVDF/ZnO 10 vol%,51.11433483440168,179.92257488057734,175.8287717309124
PVDF/ZnO 10 vol%,52.31099308056263,184.13481462895504,179.95759031703983
PVDF/ZnO 10 vol%,53.53566677410724,188.4456688158465,184.18307120225862
PVDF/ZnO 10 vol%,54.78901179593942,192.85744614352538,188.50747736669325
PVDF/ZnO 10 vol%,56.07169938205458,197.37250936422225,192.93312477045862
PVDF/ZnO 10 vol%,57.384416483023955,201.99327654551035,197.46238359398657
PVDF/ZnO 10 vol%,58.72786613189483,206.72222236531536,202.09767950738902
PVDF/ZnO 10 vol%,60.10276782070382,211.56187943724254,206.84149496953893
PVDF/ZnO 10 vol%,61.50985788580501,216.51483966693323,211.69637055756593
PVDF/ZnO 10 vol%,62.94988990221888,221.58375564017356,216.66490632747616
PVDF/ZnO 10 vol%,64.42363508721374,226.77134204350216,221.74976320662688
PVDF/ZnO 10 vol%,65.93188271333548,232.08037711807594,226.9536644188017
PVDF/ZnO 10 vol%,67.47544053110693,237.5137041475723,232.27939694264745
PVDF/ZnO 10 vol%,69.05513520162327,243.07423298092675,237.7298130042577
PVDF/ZnO 10 vol%,70.67181273927491,248.76494159071785,243.3078316046975
PVDF/ZnO 10 vol%,72.32633896483537,254.58887766803775,249.01644008329086
PVDF/ZnO 10 vol%,74.01959996915645,260.5491602547002,254.8586957175079
PVDF/ZnO 10 vol%,75.75250258771912,266.64898141366103,260.8377273603062
PVDF/ZnO 10 vol%,77.5259748862946,272.89160793854575,266.95673711580656
PVDF/ZnO 10 vol%,79.34096665797492,279.28038310319886,273.21900205419723
PVDF/ZnO 10 vol%,81.19844993184013,285.81872845219283,279.6278759667872
PVDF/ZnO 10 vol%,83.09941949353396,292.5101456332565,286.1867911621489
PVDF/ZnO 10 vol%,85.04489341802677,299.35821827260116,292.89926030430945
PVDF/ZnO 10 vol%,87.03591361485161,306.36661389415303,299.7688782939789
PVDF/ZnO 10 vol%,89.0735463861044,313.53908588371513,306.799324193818
PVDF/ZnO 10 vol%,91.15888299750823,320.8794754991152,313.9943631987825
PVDF/ZnO 10 vol%,93.29304026284686,328.3917139274119,321.3578486525933
PVDF/ZnO 10 vol%,95.4771611420806,336.0798243902654,328.8937241114172
PVDF/ZnO 10 vol%,97.71241535346496,343.94792429859586,336.60602545586056
PVDF/ZnO 10 vol%,100.0,352.0002274576864,344.4988830524079
PVDF/BaTiO$_3$ 10 vol%,1.0,2.578401220715513,2.258182316391151
PVDF/BaTiO$_3$ 10 vol%,1.0234114021054532,2.6387652084828748,2.3169798830355246
PVDF/BaTiO$_3$ 10 vol%,1.0473708979594496,2.700542401840548,2.3771709778269083
PVDF/BaTiO$_3$ 10 vol%,1.0718913192051278,2.763765885912862,2.438787852443806
PVDF/BaTiO$_3$ 10 vol%,1.0969857978923836,2.8284695203933023,2.50186352115383
PVDF/BaTiO$_3$ 10 vol%,1.1226677735108135,2.8946879576782485,2.5664317785566837
PVDF/BaTiO$_3$ 10 vol%,1.1489510001873091,2.9624566614252665,2.632527217741254
PVDF/BaTiO$_3$ 10 vol%,1.1758495540521567,3.0318119255458726,2.7001852488667373
PVDF/BaTiO$_3$ 10 vol%,1.2033778407775895,3.1027908936429345,2.7694421181779805
PVDF/BaTiO$_3$ 10 vol%,1.2315506032928256,3.1754315789031473,2.8403349274654226
PVDF/BaTiO$_3$ 10 vol%,1.2603829296797275,3.249772884455203,2.9129016539802377
PVDF/BaTiO$_3$ 10 vol%,1.2898902612533087,3.3258546242045828,2.9871811708155445
PVDF/BaTiO$_3$ 10 vol%,1.3200884008314178,3.403717544156117,3.0632132677647532
PVDF/BaTiO$_3$ 10 vol%,1.3509935211980268,3.483403344235741,3.141038672668397
PVDF/BaTiO$_3$ 10 vol%,1.3826221737646558,3.564954700623124,3.2206990732609984
PVDF/BaTiO$_3$ 10 vol%,1.414991297434576,3.6484152886071373,3.3022371395298626
PVDF/BaTiO$_3$ 10 vol%,1.4481182276745337,3.733829805976402,3.3856965465978592
PVDF/BaTiO$_3$ 10 vol%,1.4820207057988584,3.821243996957442,3.471121998142599
PVDF/BaTiO$_3$ 10 vol%,1.516716888470923,3.9107046767132623,3.5585592503646635
PVDF/BaTiO$_3$ 10 vol%,1.5522253574270475,4.002259756415471,3.648055136517827
PVDF/BaTiO$_3$ 10 vol%,1.5885651294280527,4.095958268903388,3.739657592014524
PVDF/BaTiO$_3$ 10 vol%,1.6257556664437942,4.191850394943841,3.833415680120085
PVDF/BaTiO$_3$ 10 vol%,1.6638168860761289,4.289987490105773,3.929379618249631
PVDF/BaTiO$_3$ 10 vol%,1.7027691722259,4.3904221122640035,4.0276008048817555
PVDF/BaTiO$_3$ 10 vol%,1.7426333860096501,4.4932080497468885,4.1281318471035116
PVDF/BaTiO$_3$ 10 vol%,1.7834308769319094,4.598400350142972,4.231026588801538
PVDF/BaTiO$_3$ 10 vol%,1.8251834943190435,4.7060553497820266,4.336340139514471
PVDF/BaTiO$_3$ 10 vol%,1.8679135990207825,4.816230703906292,4.444128903962188
PVDF/BaTiO$_3$ 10 vol%,1.9116440753857022,4.928985417548071,4.554450612267745
PVDF/BaTiO$_3$ 10 vol%,1.956398343517064,5.044379877130204,4.6673643508882465
PVDF/BaTiO$_3$ 10 vol%,2.0022003718155847,5.162475882806357,4.7829305942712885
PVDF/BaTiO$_3$ 10 vol%,2.049074689815847,5.28333668155844,4.901211237253968
PVDF/BaTiO$_3$ 10 vol%,2.0970464013232326,5.407027001068895,5.022269628221858
PVDF/BaTiO$_3$ 10 vol%,2.146141197858404,5.533613084385961,5.146170603045765
PVDF/BaTiO$_3$ 10 vol%,2.1963853724165463,5.663162725400518,5.272980519814458
PVDF/BaTiO$_3$ 10 vol%,2.2478058335487257,5.795745305153485,5.402767294382065
PVDF/BaTiO$_3$ 10 vol%,2.3004301197729182,5.931431828993225,5.535600436749132
PVDF/BaTiO$_3$ 10 vol%,2.3542864143224174,6.070294964602868,5.671551088296956
PVDF/BaTiO$_3$ 10 vol%,2.409403560239525,6.212409080917893,5.810692059895098
PVDF/BaTiO$_3$ 10 vol%,2.4658110758226033,6.3578502879548315,5.953097870902528
PVDF/BaTiO$_3$ 10 vol%,2.5235391704347663,6.506696477572413,6.098844789083357
PVDF/BaTiO$_3$ 10 vol%,2.582618760682676,6.659027365186995,6.248010871458501
PVDF/BaTiO$_3$ 10 vol%,2.643081486974105,6.814924532464605,6.400676006115244
PVDF/BaTiO$_3$ 10 vol%,2.704959730463135,6.9744714710124525,6.556921954997064
PVDF/BaTiO$_3$ 10 vol%,2.768286630392066,7.137753627093334,6.716832397696662
PVDF/BaTiO$_3$ 10 vol%,2.8330961018393244,7.3048584473868745,6.880492976275748
PVDF/BaTiO$_3$ 10 vol%,2.899422853882877,7.475875425822064,7.04799134113547
PVDF/BaTiO$_3$ 10 vol%,2.967302408188869,7.650896151506259,7.219417197962207
PVDF/BaTiO$_3$ 10 vol%,3.036771118035458,7.830014357776237,7.394862355773795
PVDF/BaTiO$_3$ 10 vol%,3.107866187782013,8.01332597239761,7.574420776091976
PVDF/BaTiO$_3$ 10 vol%,3.180625692794119,8.20092916893948,7.75818862326738
PVDF/BaTiO$_3$ 10 vol%,3.2550885998350583,8.392924419351864,7.9462643159840995
PVDF/BaTiO$_3$ 10 vol%,3.3312947879346733,8.589414547773984,8.138748579971296
PVDF/BaTiO$_3$ 10 vol%,3.409285069746812,8.790504785602353,8.335744501950266
PVDF/BaTiO$_3$ 10 vol%,3.489101213406773,8.996302827848002,8.53735758484569
PVDF/BaTiO$_3$ 10 vol%,3.5707859649004634,9.206918890813174,8.743695804290807
PVDF/BaTiO$_3$ 10 vol%,3.6543830709572562,9.422465771118294,8.954869666456652
PVDF/BaTiO$_3$ 10 vol%,3.739937302478798,9.643058906110815,9.170992267236432
PVDF/BaTiO$_3$ 10 vol%,3.827494478516312,9.868816435688341,9.392179352816674
PVDF/BaTiO$_3$ 10 vol%,3.9171014908092596,10.099859265569151,9.618549381667687
PVDF/BaTiO$_3$ 10 vol%,4.008806328898466,10.336311132043877,9.85022358798639
PVDF/BaTiO$_3$ 10 vol%,4.102658105827192,10.578298668243225,10.087326046625689
PVDF/BaTiO$_3$ 10 vol%,4.19870708444391,10.825951471957048,10.329983739545025
PVDF/BaTiO$_3$ 10 vol%,4.297004704320841,11.079402175041155,10.578326623817727
PVDF/BaTiO$_3$ 10 vol%,4.39760360930272,11.33878651444908,10.832487701231669
PVDF/BaTiO$_3$ 10 vol%,4.500557675700499,11.604243404926736,11.0926030895204
PVDF/BaTiO$_3$ 10 vol%,4.605922041145106,11.875915013409026,11.358812095263001
PVDF/BaTiO$_3$ 10 vol%,4.713753134116724,12.153946835158134,11.631257288491652
PVDF/BaTiO$_3$ 10 vol%,4.82410870416537,12.43848777168432,11.910084579046867
PVDF/BaTiO$_3$ 10 vol%,4.937047852839003,12.729690210490986,12.195443294721368
PVDF/BaTiO$_3$ 10 vol%,5.052631065335681,13.027710106686637,12.487486261234357
PVDF/BaTiO$_3$ 10 vol%,5.170920242896758,13.332707066507552,12.786369884079095
PVDF/BaTiO$_3$ 10 vol%,5.291978735958442,13.644844432795782,13.092254232287566
PVDF/BaTiO$_3$ 10 vol%,5.415871378079472,13.964289372478316,13.40530312415713
PVDF/BaTiO$_3$ 10 vol%,5.542664520663106,14.291212966094314,13.725684214985105
PVDF/BaTiO$_3$ 10 vol%,5.672426068491979,14.625790299418213,14.053569086858163
PVDF/BaTiO$_3$ 10 vol%,5.8052255160948985,14.968200557227929,14.389133340544756
PVDF/BaTiO$_3$ 10 vol%,5.941133984965034,15.318627119268264,14.73255668953971
PVDF/BaTiO$_3$ 10 vol%,6.080224261649424,15.677257658460954,15.08402305631135
PVDF/BaTiO$_3$ 10 vol%,6.22257083673023,16.044284241413976,15.443720670802785
PVDF/BaTiO$_3$ 10 vol%,6.368249944718587,16.419903431283903,15.811842171240015
PVDF/BaTiO$_3$ 10 vol%,6.517339604882424,16.8043163930464,16.188584707300897
PVDF/BaTiO$_3$ 10 vol%,6.669919663030122,17.197729001231263,16.574150045700197
PVDF/BaTiO$_3$ 10 vol%,6.82607183427239,17.600351950179707,16.96874467824735
PVDF/BaTiO$_3$ 10 vol%,6.985879746785248,18.012400866882857,17.37257993243467
PVDF/BaTiO$_3$ 10 vol%,7.149428986597578,18.434096426462066,17.785872084615384
PVDF/BaTiO$_3$ 10 vol%,7.316807143427196,18.86566447035267,18.208842475831997
PVDF/BaTiO$_3$ 10 vol%,7.488103857590023,19.307336127254658,18.641717630357054
PVDF/BaTiO$_3$ 10 vol%,7.663410868007459,19.75934793691496,19.084729377009808
PVDF/BaTiO$_3$ 10 vol%,7.84282206133768,20.22194197680762,19.538114973313757
PVDF/BaTiO$_3$ 10 vol%,8.026433522257175,20.695365991779816,20.002117232561524
PVDF/BaTiO$_3$ 10 vol%,8.214343584919426,21.17987352673289,20.4769846538551
PVDF/BaTiO$_3$ 10 vol%,8.406652885618325,21.67572406240987,20.962971555191245
PVDF/BaTiO$_3$ 10 vol%,8.603464416684504,22.183183154361803,21.460338209663128
PVDF/BaTiO$_3$ 10 vol%,8.804883581643463,22.702522575167485,21.969350984851253
PVDF/BaTiO$_3$ 10 vol%,9.011018251665021,23.234020459982858,22.490282485478343
PVDF/BaTiO$_3$ 10 vol%,9.221978823334327,23.77796145549783,23.023411699404505
PVDF/BaTiO$_3$ 10 vol%,9.437878277775381,24.334636872380457,23.56902414704099
PVDF/BaTiO$_3$ 10 vol%,9.658832241158704,24.904344841289948,24.127412034262356
PVDF/BaTiO$_3$ 10 vol%,9.884959046625584,25.48739047254226,24.69887440889917
PVDF/BaTiO$_3$ 10 vol%,10.11637979766207,26.08408601951363,25.283717320894883
PVDF/BaTiO$_3$ 10 vol%,10.353218432956622,26.6947510458697,25.882253986212834
PVDF/BaTiO$_3$ 10 vol%,10.59560179277616,27.319712596709522,26.494804954580825
PVDF/BaTiO$_3$ 10 vol%,10.843659686896103,27.959305373716507,27.121698281163578
PVDF/BaTiO$_3$ 10 vol%,11.097524964120721,28.613871914409742,27.76326970225457
PVDF/BaTiO$_3$ 10 vol%,11.357333583431052,29.283762775591907,28.419862815081647
PVDF/BaTiO$_3$ 10 vol%,11.623224686798524,29.969336721091995,29.091829261822614
PVDF/BaTiO$_3$ 10 vol%,11.895340673703195,30.67096091390321,29.77952891792916
PVDF/BaTiO$_3$ 10 vol%,12.173827277396613,31.389011112819233,30.483330084860363
PVDF/BaTiO$_3$ 10 vol%,12.458833642950081,32.123871873673984,31.203609687328726
PVDF/BaTiO$_3$ 10 vol%,12.750512407130135,32.87593675529263,31.94075347516436
PVDF/BaTiO$_3$ 10 vol%,13.049019780144022,33.64560853026422,32.69515622990556
PVDF/BaTiO$_3$ 10 vol%,13.354515629298987,34.4332994006489,33.46722197622645
PVDF/BaTiO$_3$ 10 vol%,13.667163564620067,35.23943121873495,34.2573641983146
PVDF/BaTiO$_3$ 10 vol%,13.987131026472387,36.064435712964226,35.066006061315015
PVDF/BaTiO$_3$ 10 vol%,14.314589375234792,36.90875471914669,35.893580637958586
PVDF/BaTiO$_3$ 10 vol%,14.649713983072855,37.77284041708817,36.74053114049673
PVDF/BaTiO$_3$ 10 vol%,14.992684327860456,38.65715557275774,37.60731115806631
PVDF/BaTiO$_3$ 10 vol%,15.343684089300124,39.56217378612462,38.494384899611816
PVDF/BaTiO$_3$ 10 vol%,15.702901247293775,40.48837974479743,39.40222744249523
PVDF/BaTiO$_3$ 10 vol%,16.070528182616393,41.43626948360115,40.33132498692629
PVDF/BaTiO$_3$ 10 vol%,16.446761779946634,42.40635065023163,41.28217511634999
PVDF/BaTiO$_3$ 10 vol%,16.831803533309568,43.399142777129065,42.25528706393018
PVDF/BaTiO$_3$ 10 vol%,17.225859653987865,44.415177559716405,43.25118198527212
PVDF/BaTiO$_3$ 10 vol%,17.62914118095948,45.45499914115204,44.270393237530634
PVDF/BaTiO$_3$ 10 vol%,18.041864093920726,46.51916440374858,45.31346666505234
PVDF/BaTiO$_3$ 10 vol%,18.464249428955434,47.608243267214405,46.3809608917058
PVDF/BaTiO$_3$ 10 vol%,18.896523396912094,48.72281899387739,47.47344762005578
PVDF/BaTiO$_3$ 10 vol%,19.33891750455231,49.86348850105426,48.591511937541696
PVDF/BaTiO$_3$ 10 vol%,19.791668678535572,51.0308626807331,49.73575262982458
PVDF/BaTiO$_3$ 10 vol%,20.255019392306675,52.225566726739906,50.90678250147008
PVDF/BaTiO$_3$ 10 vol%,20.72921779595371,53.44824046956476,52.10522870413952
PVDF/BaTiO$_3$ 10 vol%,21.214517849106297,54.69953871902671,53.33173307246456
PVDF/BaTiO$_3$ 10 vol%,21.711179456945043,55.98013161496066,54.58695246778519
PVDF/BaTiO$_3$ 10 vol%,22.21946860939524,57.2907049861147,55.871559129935726
PVDF/BaTiO$_3$ 10 vol%,22.739657523579286,58.63196071744953,57.18624103726661
PVDF/BaTiO$_3$ 10 vol%,23.272024789604085,60.004617126036834,58.53170227509503
PVDF/BaTiO$_3$ 10 vol%,23.81685551976158,61.409409345758256,59.908663412782055
PVDF/BaTiO$_3$ 10 vol%,24.374441501222204,62.84708972101019,61.31786188963732
PVDF/BaTiO$_3$ 10 vol%,24.945081352303166,64.31842820962625,62.76005240985897
PVDF/BaTiO$_3$ 10 vol%,25.52908068239518,65.82421279523253,64.23600734671982
PVDF/BaTiO$_3$ 10 vol%,26.126752255633278,67.3652499092566,65.74651715621613
PVDF/BaTiO$_3$ 10 vol%,26.738416158399467,68.94236486281656,67.29239080040091
PVDF/BaTiO$_3$ 10 vol%,27.364399970746703,70.55640228872085,68.87445618062797
PVDF/BaTiO$_3$ 10 vol%,28.00503894183631,72.2082265938162,70.49356058093927
PVDF/BaTiO$_3$ 10 vol%,28.660676169482517,73.89872242192573,72.15057112183261
PVDF/BaTiO$_3$ 10 vol%,29.331662783900438,75.62879512762466,73.84637522465303
PVDF/BaTiO$_3$ 10 vol%,30.01835813575589,77.39937126110843,75.58188108685627
PVDF/BaTiO$_3$ 10 vol%,30.721129988617577,79.2113990644115,77.35801816839894
PVDF/BaTiO$_3$ 10 vol%,31.440354715915,81.06584897924398,79.1757376895163
PVDF/BaTiO$_3$ 10 vol%,32.17641750250737,82.96371416671698,81.03601314015327
PVDF/BaTiO$_3$ 10 vol%,32.929712550971516,84.90601103923588,82.93984080132292
PVDF/BaTiO$_3$ 10 vol%,33.700643292719285,86.89377980484545,84.88824027866991
PVDF/BaTiO$_3$ 10 vol%,34.48962260405758,88.9280850243194,86.88225504852653
PVDF/BaTiO$_3$ 10 vol%,35.2970730273065,91.01001618129168,88.92295301675195
PVDF/BaTiO$_3$ 10 vol%,36.12342699709432,93.1406882657357,91.01142709065545
PVDF/BaTiO$_3$ 10 vol%,36.96912707195028,95.32124237110352,93.148795764309
PVDF/BaTiO$_3$ 10 vol%,37.83462617131929,97.55284630544476,95.33620371756315
PVDF/BaTiO$_3$ 10 vol%,38.72038781812555,99.83669521683298,97.57482242908675
PVDF/BaTiO$_3$ 10 vol%,39.626886387014785,102.17401223343387,99.86585080375903
PVDF/BaTiO$_3$ 10 vol%,40.5546073584083,104.56604911855825,102.21051581474958
PVDF/BaTiO$_3$ 10 vol%,41.50404757850477,107.0140869410514,104.61007316063136
PVDF/BaTiO$_3$ 10 vol%,42.47571552536898,109.51943676137626,107.06580793787639
PVDF/BaTiO$_3$ 10 vol%,43.47013158125024,112.08344033375957,109.5790353290971
PVDF/BaTiO$_3$ 10 vol%,44.487828311275855,114.70747082477581,112.15110130739943
PVDF/BaTiO$_3$ 10 vol%,45.5293507486695,117.39293354875417,114.78338335722628
PVDF/BaTiO$_3$ 10 vol%,46.59525668664682,120.1412667204028,117.47729121207743
PVDF/BaTiO$_3$ 10 vol%,47.68611697714469,122.95394222505259,120.23426760949982
PVDF/BaTiO$_3$ 10 vol%,48.80251583654431,125.83246640693396,123.05578906375423
PVDF/BaTiO$_3$ 10 vol%,49.9450511585514,128.77838087590766,125.94336665657045
PVDF/BaTiO$_3$ 10 vol%,51.11433483440168,131.79326333308273,128.8985468464157
PVDF/BaTiO$_3$ 10 vol%,52.31099308056263,134.87872841576345,131.92291229670957
PVDF/BaTiO$_3$ 10 vol%,53.53566677410724,138.036428562177,135.01808272342754
PVDF/BaTiO$_3$ 10 vol%,54.78901179593942,141.26805489644684,138.1857157625502
PVDF/BaTiO$_3$ 10 vol%,56.07169938205458,144.5753381342828,141.4275078578182
PVDF/BaTiO$_3$ 10 vol%,57.384416483023955,147.96004950987634,144.74519516927325
PVDF/BaTiO$_3$ 10 vol%,58.72786613189483,151.42400172449487,148.14055450306813
PVDF/BaTiO$_3$ 10 vol%,60.10276782070382,154.96904991728374,151.61540426304492
PVDF/BaTiO$_3$ 10 vol%,61.50985788580501,158.59709265879732,155.17160542459217
PVDF/BaTiO$_3$ 10 vol%,62.94988990221888,162.31007296778827,158.81106253130002
PVDF/BaTiO$_3$ 10 vol%,64.42363508721374,166.10997935180262,162.5357247149497
PVDF/BaTiO$_3$ 10 vol%,65.93188271333548,169.99884687213623,166.34758673938188
PVDF/BaTiO$_3$ 10 vol%,67.47544053110693,173.9787582337231,170.24869006880354
PVDF/BaTiO$_3$ 10 vol%,69.05513520162327,178.05184490054023,174.2411239611063
PVDF/BaTiO$_3$ 10 vol%,70.67181273927491,182.22028823712458,178.3270265867795
PVDF/BaTiO$_3$ 10 vol%,72.32633896483537,186.48632067681547,182.50858617401974
PVDF/BaTiO$_3$ 10 vol%,74.01959996915645,190.85222691734688,186.78804218064917
PVDF/BaTiO$_3$ 10 vol%,75.75250258771912,195.32034514442998,191.16768649346895
PVDF/BaTiO$_3$ 10 vol%,77.5259748862946,199.89306828398216,195.6498646556934
PVDF/BaTiO$_3$ 10 vol%,79.34096665797492,204.57284528367134,200.23697712311755
PVDF/BaTiO$_3$ 10 vol%,81.19844993184013,209.36218242446404,204.9314805496955
PVDF/BaTiO$_3$ 10 vol%,83.09941949353396,214.26364466287845,209.73588910321553
PVDF/BaTiO$_3$ 10 vol%,85.04489341802677,219.27985700466087,214.6527758117758
PVDF/BaTiO$_3$ 10 vol%,87.03591361485161,224.4135059106233,219.68477394178586
PVDF/BaTiO$_3$ 10 vol%,89.0735463861044,229.66734073539135,224.83457840822518
PVDF/BaTiO$_3$ 10 vol%,91.15888299750823,235.04417519983784,230.10494721792193
PVDF/BaTiO$_3$ 10 vol%,93.29304026284686,240.54688889798584,235.49870294661764
PVDF/BaTiO$_3$ 10 vol%,95.4771611420806,246.1784288391923,241.01873425061441
PVDF/BaTiO$_3$ 10 vol%,97.71241535346496,251.94181102643523,246.6679974138113
PVDF/BaTiO$_3$ 10 vol%,100.0,257.8401220715513,252.44951793095794
Neat PVDF,1.0,1.5039707458380807,1.2701330739789525
Neat PVDF,1.0234114021054532,1.5391808097237338,1.3042686543516064
Neat PVDF,1.0473708979594496,1.5752151905731735,1.3392205454253006
Neat PVDF,1.0718913192051278,1.6120931868023003,1.3750074929026919
Neat PVDF,1.0969857978923836,1.6498345486299897,1.4116486880316028
Neat PVDF,1.1226677735108135,1.6884594886554352,1.4491637779854982
Neat PVDF,1.1489510001873091,1.7279886926831158,1.4875728764820615
Neat PVDF,1.1758495540521567,1.7684433308011962,1.5268965746458918
Neat PVDF,1.2033778407775895,1.8098450687192904,1.5671559521214637
Neat PVDF,1.2315506032928256,1.8522160793716484,1.6083725884425937
Neat PVDF,1.2603829296797275,1.8955790547920048,1.6505685746648084
Neat PVDF,1.2898902612533087,1.939957218266415,1.6937665252671017
Neat PVDF,1.3200884008314178,1.985374336770626,1.7379895903297338
Neat PVDF,1.3509935211980268,2.0318547336986112,1.7832614679948304
Neat PVDF,1.3826221737646558,2.0794233018890975,1.8296064172166864
Neat PVDF,1.414991297434576,2.1281055169570715,1.877049270808845
Neat PVDF,1.4481182276745337,2.177927450937387,1.9256154487951243
Neat PVDF,1.4820207057988584,2.228915786247788,1.9753309720719634
Neat PVDF,1.516716888470923,2.281097829978826,2.0262224763895733
Neat PVDF,1.5522253574270475,2.334501528518337,2.0783172266595833
Neat PVDF,1.5885651294280527,2.3891554825182753,2.1316431315969844
Neat PVDF,1.6257556664437942,2.4450889622119587,2.186228758704389
Neat PVDF,1.6638168860761289,2.5023319230899075,2.2421033496067806
Neat PVDF,1.7027691722259,2.5609150219426775,2.2992968357451016
Neat PVDF,1.7426333860096501,2.620869633279273,2.357839854437212
Neat PVDF,1.7834308769319094,2.6822278661299457,2.4177637653149677
Neat PVDF,1.8251834943190435,2.7450225812423663,2.4791006671463056
Neat PVDF,1.8679135990207825,2.8092874086803796,2.5418834150514873
Neat PVDF,1.9116440753857022,2.8750567658347825,2.606145638122817
Neat PVDF,1.956398343517064,2.9423658758557436,2.6719217574573464
Neat PVDF,2.0022003718155847,3.011250786516767,2.7392470046123605
Neat PVDF,2.049074689815847,3.0817483895202726,2.808157440493566
Neat PVDF,2.0970464013232326,3.1538964402551644,2.8786899746862207
Neat PVDF,2.146141197858404,3.2277335780169354,2.9508823852396096
Neat PVDF,2.1963853724165463,3.303299346701163,3.0247733389155442
Neat PVDF,2.2478058335487257,3.3806342159814644,3.1004024119117948
Neat PVDF,2.3004301197729182,3.4597796029832604,3.177810111071623
Neat PVDF,2.3542864143224174,3.540777894464946,3.2570378955908206
Neat PVDF,2.409403560239525,3.623672469518364,3.3381281992339584
Neat PVDF,2.4658110758226033,3.7085077228007197,3.421124453071768
Neat PVDF,2.5235391704347663,3.7953290883103863,3.506071108751907
Neat PVDF,2.582618760682676,3.884183063719342,3.5930136623156006
Neat PVDF,2.643081486974105,3.9751172352752677,3.681998678572978
Neat PVDF,2.704959730463135,4.068180303286614,3.773073816050163
Neat PVDF,2.768286630392066,4.163422108204341,3.8662878525215647
Neat PVDF,2.8330961018393244,4.260893657314247,3.9616907111410375
Neat PVDF,2.899422853882877,4.360647152054207,4.0593334871859605
Neat PVDF,2.967302408188869,4.462736015970945,4.159268475428588
Neat PVDF,3.036771118035458,4.56721492333133,4.26154919814936
Neat PVDF,3.107866187782013,4.674139828403465,4.366230433807176
Neat PVDF,3.180625692794119,4.783567995423334,4.4733682463820825
Neat PVDF,3.2550885998350583,4.895558029262965,4.583020015406016
Neat PVDF,3.3312947879346733,5.01016990681662,4.6952444666978
Neat PVDF,3.409285069746812,5.127465009121745,4.810101703818816
Neat PVDF,3.489101213406773,5.247506154231936,4.927653240266231
Neat PVDF,3.5707859649004634,5.3703576308595,5.047962032421074
Neat PVDF,3.6543830709572562,5.496085232805639,5.171092513268756
Neat PVDF,3.739937302478798,5.624756294196695,5.2971106269101895
Neat PVDF,3.827494478516312,5.756439725545312,5.426083863881936
Neat PVDF,3.9171014908092596,5.891206050655859,5.558081297304357
Neat PVDF,4.008806328898466,6.029127444393842,5.693173619877127
Neat PVDF,4.102658105827192,6.170277771339569,5.831433181741919
Neat PVDF,4.19870708444391,6.31473262534674,5.972934029232589
Neat PVDF,4.297004704320841,6.462569370027155,6.117751944533573
Neat PVDF,4.39760360930272,6.613867180183248,6.265964486267811
Neat PVDF,4.500557675700499,6.768707084210577,6.417651031035863
Neat PVDF,4.605922041145106,6.9271720074930565,6.572892815928555
Neat PVDF,4.713753134116724,7.089346816814118,6.731772982035885
Neat PVDF,4.82410870416537,7.255318365807567,6.894376618975479
Neat PVDF,4.937047852839003,7.4251755414725675,7.060790810464532
Neat PVDF,5.052631065335681,7.599009311777558,7.2311046809595485
Neat PVDF,5.170920242896758,7.776912774378664,7.4054094433889395
Neat PVDF,5.291978735958442,7.95898120647868,7.583798448004023
Neat PVDF,5.415871378079472,8.145312115853297,7.7663672323745745
Neat PVDF,5.542664520663106,8.336005293071956,7.953213572555734
Neat PVDF,5.672426068491979,8.531162864941251,8.1444375354537
Neat PVDF,5.8052255160948985,8.730889349199497,8.340141532418178
Neat PVDF,5.941133984965034,8.93529171049183,8.540430374090404
Neat PVDF,6.080224261649424,9.144479417655678,8.745411326535978
Neat PVDF,6.22257083673023,9.358564502347452,8.955194168692756
Neat PVDF,6.368249944718587,9.577661619041729,9.169891251164398
Neat PVDF,6.517339604882424,9.801888106435081,9.38961755639114
Neat PVDF,6.669919663030122,10.031364050287486,9.614490760230062
Neat PVDF,6.82607183427239,10.266212347734958,9.84463129497773
Neat PVDF,6.985879746785248,10.506558773107747,10.080162413869038
Neat PVDF,7.149428986597578,10.75253204528955,10.321210257086813
Neat PVDF,7.316807143427196,11.004263896653592,10.567903919317452
Neat PVDF,7.488103857590023,11.261889143612672,10.820375518888874
Neat PVDF,7.663410868007459,11.525545758820828,11.078760268527715
Neat PVDF,7.84282206133768,11.795374945065378,11.343196547773765
Neat PVDF,8.026433522257175,12.071521210888893,11.613825977090373
Neat PVDF,8.214343584919426,12.354132447981518,11.890793493710472
Neat PVDF,8.406652885618325,12.643360010385242,12.17424742925896
Neat PVDF,8.603464416684504,12.93935879555238,12.464339589192884
Neat PVDF,8.804883581643463,13.242287327301787,12.761225334102086
Neat PVDF,9.011018251665021,13.552307840717194,13.065063662913763
Neat PVDF,9.221978823334327,13.86958636903311,13.376017298045536
Neat PVDF,9.437878277775381,14.194292832554854,13.69425277255267
Neat PVDF,9.658832241158704,14.526601129660355,14.019940519316071
Neat PVDF,9.884959046625584,14.86668922993236,14.353254962318786
Neat PVDF,10.11637979766207,15.214739269471112,14.694374610060061
Neat PVDF,10.353218432956622,15.570937648438331,15.043482151156764
Neat PVDF,10.59560179277616,15.93547513088486,15.400764552183523
Neat PVDF,10.843659686896103,16.308546946915456,15.766413157803935
Neat PVDF,11.097524964120721,16.690352897245354,16.140623793246473
Neat PVDF,11.357333583431052,17.081097460204678,16.52359686917997
Neat PVDF,11.623224686798524,17.48098990124796,16.915537489044848
Neat PVDF,11.895340673703195,17.890244385027444,17.316655558897594
Neat PVDF,12.173827277396613,18.30908009009015,17.727165899827266
Neat PVDF,12.458833642950081,18.737721326260203,18.147288363004296
Neat PVDF,12.750512407130135,19.176397654769207,18.57724794742312
Neat PVDF,13.049019780144022,19.625344011199072,19.017274920401835
Neat PVDF,13.354515629298987,20.084800831303102,19.467604940903264
Neat PVDF,13.667163564620067,20.555014179772677,19.928479185743523
Neat PVDF,13.987131026472387,21.036235882018627,20.400144478755767
Neat PVDF,14.314589375234792,21.528723659037727,20.882853422978158
Neat PVDF,14.649713983072855,22.03274126543664,21.376864535936967
Neat PVDF,14.992684327860456,22.548558630687186,21.882442388097143
Neat PVDF,15.343684089300124,23.076452003688598,22.399857744554645
Neat PVDF,15.702901247293775,23.616704100714145,22.92938771004626
Neat PVDF,16.070528182616393,24.169604256821465,23.471315877354694
Neat PVDF,16.446761779946634,24.735448580807567,24.02593247918835
Neat PVDF,16.831803533309568,25.314540113791622,24.5935345436172
Neat PVDF,17.225859653987865,25.907188991510225,25.17442605314782
Neat PVDF,17.62914118095948,26.513712610412448,25.768918107523067
Neat PVDF,18.041864093920726,27.134435797643235,26.37732909033332
Neat PVDF,18.464249428955434,27.769690985006456,26.999984839528665
Neat PVDF,18.896523396912094,28.419818387000618,27.637218821923337
Neat PVDF,19.33891750455231,29.08516618302265,28.289372311785748
Neat PVDF,19.791668678535572,29.766090703837317,28.956794573609873
Neat PVDF,20.255019392306675,30.46295662241225,29.639843049165947
Neat PVDF,20.72921779595371,31.176137149220498,30.33888354893034
Neat PVDF,21.214517849106297,31.906014232115673,31.054290447997627
Neat PVDF,21.711179456945043,32.65297876088604,31.78644688657911
Neat PVDF,22.21946860939524,33.417430776597975,32.535744975195925
Neat PVDF,22.739657523579286,34.19977968584005,33.302586004675966
Neat PVDF,23.272024789604085,35.000444479983145,34.087380661067535
Neat PVDF,23.81685551976158,35.81985395957363,34.89054924558462
Neat PVDF,24.374441501222204,36.658446963979806,35.7125218997015
Neat PVDF,24.945081352303166,37.516672606414986,36.55373883551762
Neat PVDF,25.52908068239518,38.39499051446241,37.41465057151551
Neat PVDF,26.126752255633278,39.29387107623153,38.29571817383866
Neat PVDF,26.738416158399467,40.21379569227702,39.19741350321809
Neat PVDF,27.364399970746703,41.15525703341545,40.12021946768
Neat PVDF,28.00503894183631,42.118759304578035,41.06463028116993
Neat PVDF,28.660676169482517,43.10481851484031,42.03115172823183
Neat PVDF,29.331662783900438,44.113962753773805,43.02030143488385
Neat PVDF,30.01835813575589,45.14673247426739,44.03260914583594
Neat PVDF,30.721129988617577,46.203680781969794,45.06861700819758
Neat PVDF,31.440354715915,47.28537373150849,46.12887986182769
Neat PVDF,32.17641750250737,48.392390629643465,47.213965536482355
Neat PVDF,32.929712550971516,49.525324345518236,48.324455155919246
Neat PVDF,33.700643292719285,50.68478162817412,49.460943449121594
Neat PVDF,34.48962260405758,51.871383431498394,50.624039068808976
Neat PVDF,35.2970730273065,53.08576524677935,51.81436491740442
Neat PVDF,36.12342699709432,54.328577443047394,53.0325584806334
Neat PVDF,36.96912707195028,55.60048561538383,54.27927216893304
Neat PVDF,37.83462617131929,56.90217094138404,55.55517366685408
Neat PVDF,38.72038781812555,58.23433054596601,56.86094629064316
Neat PVDF,39.626886387014785,59.597677874719494,58.19728935419674
Neat PVDF,40.5546073584083,60.992943075995825,59.56491854358251
Neat PVDF,41.50404757850477,62.42087339194299,60.964566300329196
Neat PVDF,42.47571552536898,63.882233558695326,62.39698221368967
Neat PVDF,43.47013158125024,65.37780621593244,63.8629334220879
Neat PVDF,44.487828311275855,66.90839232602602,65.36320502396399
Neat PVDF,45.5293507486695,68.47481160300002,66.89860049823828
Neat PVDF,46.59525668664682,70.07790295153302,68.46994213461902
Neat PVDF,47.68611697714469,71.71852491623825,70.0780714739841
Neat PVDF,48.80251583654431,73.39755614146227,71.72384975907323
Neat PVDF,49.9450511585514,75.1158958418476,73.40815839573118
Neat PVDF,51.11433483440168,76.87446428391247,75.13189942494982
Neat PVDF,52.31099308056263,78.67420327890443,76.89599600596105
Neat PVDF,53.53566677410724,80.51607668719298,78.7013929106401
Neat PVDF,54.78901179593942,82.4010709344704,80.54905702948356
Neat PVDF,56.07169938205458,84.33019554003725,82.43997788943264
Neat PVDF,57.384416483023955,86.30448365745656,84.37516818382026
Neat PVDF,58.72786613189483,88.3249926278648,86.35566431472463
Neat PVDF,60.10276782070382,90.3928045462369,88.38252694802004
Neat PVDF,61.50985788580501,92.50902684090849,90.45684158142275
Neat PVDF,62.94988990221888,94.67479286666514,92.57971912583511
Neat PVDF,64.42363508721374,96.89126251171717,94.7522965003004
Neat PVDF,65.93188271333548,99.15962281888399,96.97573724088605
Neat PVDF,67.47544053110693,101.48108862132192,99.25123212382213
Neat PVDF,69.05513520162327,103.85690319313481,101.5799998032282
Neat PVDF,70.67181273927491,106.28833891521643,103.96328746377034
Neat PVDF,72.32633896483537,108.77669795668126,106.40237148859798
Neat PVDF,74.01959996915645,111.32331297224854,108.89855814291808
Neat PVDF,75.75250258771912,113.92954781595303,111.45318427357287
Neat PVDF,77.5259748862946,116.59679827156477,114.06761802499581
Neat PVDF,79.34096665797492,119.32649280010881,116.74325957192882
Neat PVDF,81.19844993184013,122.12009330488563,119.48154186929386
Neat PVDF,83.09941949353396,124.9790959144018,122.2839314196202
Neat PVDF,85.04489341802677,127.9050317836298,125.15192905843774
Neat PVDF,87.03591361485161,130.89946791402713,128.08707075805853
Neat PVDF,89.0735463861044,133.96400799275227,131.09092845017472
Neat PVDF,91.15888299750823,137.10029325152877,134.165110867716
Neat PVDF,93.29304026284686,140.31000334561588,137.31126440641523
Neat PVDF,95.4771611420806,143.5948572533576,140.53107400654517
Neat PVDF,97.71241535346496,146.95661419679098,143.82626405529757
Neat PVDF,100.0,150.39707458380806,147.19859931028896
