parameter,low_pct,high_pct
Interphase permittivity: 30-12,-4.175831284441179,0.0
Loss tangent: 0.10-0,-9.501243788791092,0.0
Matrix permittivity: 14-10,-13.718007728455028,18.99459722955683
ZnO loading: 2-10 vol%,-20.85365398689788,15.306256174778788
Max. polar gain ΔF: 0.10-0.45,-34.07071038266394,15.608210808905154
Poling efficiency η: 0.7-1.0,-51.000000000000014,0.0
"Nucleation saturation φ_i,sat: 0.10-0.02",-20.49898264709694,35.95487753684354
Interphase thickness t: 2-10 nm,-27.06612502438912,33.41310881579322
Particle diameter: 100-20 nm,-22.379939391336336,43.32190713619299
Reference d33: -20 to -35 pC/N,-48.979591836734706,56.25000000000004
