filler,parameter,mu_star_nW,mu_nW,sigma_nW
ZnO,diameter,3.02,-2.895,3.154
ZnO,shell,2.603,2.595,3.219
ZnO,phi,1.491,1.295,1.828
ZnO,delta_f,4.103,4.103,3.506
ZnO,phi_i_sat,2.86,-2.86,2.844
ZnO,eps_m,2.562,-2.562,1.913
ZnO,eps_i_ratio,0.469,-0.469,0.645
ZnO,eta,5.04,5.04,3.265
ZnO,d_ref,7.249,7.249,3.13
ZnO,tan_delta,0.773,-0.773,0.572
ZnO,gamma_share,2.665,-2.665,2.964
ZnO,alpha_gamma,3.143,3.143,3.263
ZnO,eps_f,0.069,-0.069,0.058
BaTiO3,diameter,2.644,-2.537,2.762
BaTiO3,shell,2.282,2.274,2.866
BaTiO3,phi,0.922,0.383,1.307
BaTiO3,delta_f,3.668,3.668,3.057
BaTiO3,phi_i_sat,2.486,-2.486,2.403
BaTiO3,eps_m,2.311,-2.311,1.731
BaTiO3,eps_i_ratio,0.456,-0.456,0.644
BaTiO3,eta,4.431,4.431,2.834
BaTiO3,d_ref,6.444,6.444,2.744
BaTiO3,tan_delta,0.677,-0.677,0.489
BaTiO3,gamma_share,2.382,-2.382,2.61
BaTiO3,alpha_gamma,2.741,2.741,2.808
BaTiO3,eps_f,0.26,-0.26,0.272
